

CREATE DATABASE Oposiciones;
Use Oposiciones;

SET FOREIGN_KEY_CHECKS=0;

-- ----------------------------
-- Table structure for examenes
-- ----------------------------
DROP TABLE IF EXISTS `examenes`;
CREATE TABLE `examenes` (
  `CODIGOEXA` tinyint(4) NOT NULL DEFAULT '0',
  `DESCRIPCIONEXA` varchar(50) DEFAULT NULL,
  PRIMARY KEY (`CODIGOEXA`),
  UNIQUE KEY `ix_descripcion` (`DESCRIPCIONEXA`)
) ENGINE=InnoDB DEFAULT CHARSET=latin1;

-- ----------------------------
-- Records of examenes
-- ----------------------------
INSERT INTO `examenes` VALUES ('3', 'EXAMEN TEMA TEORIA');
INSERT INTO `examenes` VALUES ('1', 'EXAMEN TIPO TEST 20 PREGUNTAS');
INSERT INTO `examenes` VALUES ('2', 'SUPUESTOS PRACTICOS (3)');

-- ----------------------------
-- Table structure for notas
-- ----------------------------
DROP TABLE IF EXISTS `notas`;
CREATE TABLE `notas` (
  `DNIOPOSITOR` varchar(255) NOT NULL DEFAULT '',
  `CODIGOEXAMEN` tinyint(4) NOT NULL DEFAULT '0',
  `NOTA` tinyint(4) DEFAULT NULL,
  PRIMARY KEY (`DNIOPOSITOR`,`CODIGOEXAMEN`),
  KEY `fi0` (`CODIGOEXAMEN`),
  KEY `fi1` (`DNIOPOSITOR`),
  CONSTRAINT `fk_notas_opo` FOREIGN KEY (`DNIOPOSITOR`) REFERENCES `opositores` (`DNI`),
  CONSTRAINT `notas_ibfk_1` FOREIGN KEY (`CODIGOEXAMEN`) REFERENCES `examenes` (`CODIGOEXA`)
) ENGINE=InnoDB DEFAULT CHARSET=latin1;

-- ----------------------------
-- Records of notas
-- ----------------------------
INSERT INTO `notas` VALUES ('1173391', '1', '2');
INSERT INTO `notas` VALUES ('1173391', '2', '5');
INSERT INTO `notas` VALUES ('1173391', '3', '6');
INSERT INTO `notas` VALUES ('11841394', '1', '3');
INSERT INTO `notas` VALUES ('11841394', '2', '5');
INSERT INTO `notas` VALUES ('11841394', '3', '3');
INSERT INTO `notas` VALUES ('11843671', '1', '3');
INSERT INTO `notas` VALUES ('11843671', '2', '4');
INSERT INTO `notas` VALUES ('11843671', '3', '3');
INSERT INTO `notas` VALUES ('11843982', '1', '4');
INSERT INTO `notas` VALUES ('11843982', '2', '7');
INSERT INTO `notas` VALUES ('11843982', '3', '3');
INSERT INTO `notas` VALUES ('11844272', '1', '5');
INSERT INTO `notas` VALUES ('11844272', '2', '9');
INSERT INTO `notas` VALUES ('11844272', '3', '3');
INSERT INTO `notas` VALUES ('11845343', '1', '6');
INSERT INTO `notas` VALUES ('11845343', '2', '8');
INSERT INTO `notas` VALUES ('11845343', '3', '3');
INSERT INTO `notas` VALUES ('11849578', '1', '7');
INSERT INTO `notas` VALUES ('11849578', '2', '8');
INSERT INTO `notas` VALUES ('11849578', '3', '5');
INSERT INTO `notas` VALUES ('11850727', '1', '8');
INSERT INTO `notas` VALUES ('11850727', '2', '8');
INSERT INTO `notas` VALUES ('11850727', '3', '5');
INSERT INTO `notas` VALUES ('11850969', '1', '7');
INSERT INTO `notas` VALUES ('11850969', '2', '8');
INSERT INTO `notas` VALUES ('11850969', '3', '5');
INSERT INTO `notas` VALUES ('11851761', '1', '7');
INSERT INTO `notas` VALUES ('11851761', '2', '8');
INSERT INTO `notas` VALUES ('11851761', '3', '4');
INSERT INTO `notas` VALUES ('11852345', '1', '1');
INSERT INTO `notas` VALUES ('11852345', '2', '8');
INSERT INTO `notas` VALUES ('11852345', '3', '7');
INSERT INTO `notas` VALUES ('14308556', '1', '2');
INSERT INTO `notas` VALUES ('14308556', '2', '8');
INSERT INTO `notas` VALUES ('14308556', '3', '9');
INSERT INTO `notas` VALUES ('1932986', '1', '2');
INSERT INTO `notas` VALUES ('1932986', '2', '9');
INSERT INTO `notas` VALUES ('1932986', '3', '8');
INSERT INTO `notas` VALUES ('1933685', '1', '3');
INSERT INTO `notas` VALUES ('1933685', '2', '2');
INSERT INTO `notas` VALUES ('1933685', '3', '8');
INSERT INTO `notas` VALUES ('1937101', '1', '3');
INSERT INTO `notas` VALUES ('1937101', '2', '3');
INSERT INTO `notas` VALUES ('1937101', '3', '8');
INSERT INTO `notas` VALUES ('2238233', '1', '5');
INSERT INTO `notas` VALUES ('2238233', '2', '3');
INSERT INTO `notas` VALUES ('2238233', '3', '8');
INSERT INTO `notas` VALUES ('2263918', '1', '5');
INSERT INTO `notas` VALUES ('2263918', '2', '4');
INSERT INTO `notas` VALUES ('2263918', '3', '8');
INSERT INTO `notas` VALUES ('2267650', '1', '5');
INSERT INTO `notas` VALUES ('2267650', '2', '5');
INSERT INTO `notas` VALUES ('2267650', '3', '8');
INSERT INTO `notas` VALUES ('2269028', '1', '4');
INSERT INTO `notas` VALUES ('2269028', '2', '6');
INSERT INTO `notas` VALUES ('2269028', '3', '8');
INSERT INTO `notas` VALUES ('2270188', '1', '6');
INSERT INTO `notas` VALUES ('2270188', '2', '7');
INSERT INTO `notas` VALUES ('2270188', '3', '9');
INSERT INTO `notas` VALUES ('2271897', '1', '3');
INSERT INTO `notas` VALUES ('2271897', '2', '8');
INSERT INTO `notas` VALUES ('2271897', '3', '7');
INSERT INTO `notas` VALUES ('2272581', '1', '3');
INSERT INTO `notas` VALUES ('2272581', '2', '7');
INSERT INTO `notas` VALUES ('2272581', '3', '2');
INSERT INTO `notas` VALUES ('2276630', '1', '3');
INSERT INTO `notas` VALUES ('2276630', '2', '7');
INSERT INTO `notas` VALUES ('2276630', '3', '3');
INSERT INTO `notas` VALUES ('2276800', '1', '3');
INSERT INTO `notas` VALUES ('2276800', '2', '1');
INSERT INTO `notas` VALUES ('2276800', '3', '3');
INSERT INTO `notas` VALUES ('2277835', '1', '3');
INSERT INTO `notas` VALUES ('2277835', '2', '2');
INSERT INTO `notas` VALUES ('2277835', '3', '4');
INSERT INTO `notas` VALUES ('2278639', '1', '5');
INSERT INTO `notas` VALUES ('2278639', '2', '2');
INSERT INTO `notas` VALUES ('2278639', '3', '5');
INSERT INTO `notas` VALUES ('2282590', '1', '5');
INSERT INTO `notas` VALUES ('2282590', '2', '3');
INSERT INTO `notas` VALUES ('2282590', '3', '6');
INSERT INTO `notas` VALUES ('2283491', '1', '5');
INSERT INTO `notas` VALUES ('2283491', '2', '3');
INSERT INTO `notas` VALUES ('2283491', '3', '7');
INSERT INTO `notas` VALUES ('2284256', '1', '4');
INSERT INTO `notas` VALUES ('2284256', '2', '5');
INSERT INTO `notas` VALUES ('2284256', '3', '8');
INSERT INTO `notas` VALUES ('2647631', '1', '7');
INSERT INTO `notas` VALUES ('2647631', '2', '5');
INSERT INTO `notas` VALUES ('2647631', '3', '7');
INSERT INTO `notas` VALUES ('2649085', '1', '9');
INSERT INTO `notas` VALUES ('2649085', '2', '5');
INSERT INTO `notas` VALUES ('2649085', '3', '7');
INSERT INTO `notas` VALUES ('2659710', '1', '8');
INSERT INTO `notas` VALUES ('2659710', '2', '4');
INSERT INTO `notas` VALUES ('2659710', '3', '1');
INSERT INTO `notas` VALUES ('2666680', '1', '8');
INSERT INTO `notas` VALUES ('2666680', '2', '2');
INSERT INTO `notas` VALUES ('2666680', '3', '2');
INSERT INTO `notas` VALUES ('2667675', '1', '8');
INSERT INTO `notas` VALUES ('2667675', '2', '3');
INSERT INTO `notas` VALUES ('2667675', '3', '2');
INSERT INTO `notas` VALUES ('2668273', '1', '8');
INSERT INTO `notas` VALUES ('2668273', '2', '3');
INSERT INTO `notas` VALUES ('2668273', '3', '3');
INSERT INTO `notas` VALUES ('2669111', '1', '8');
INSERT INTO `notas` VALUES ('2669111', '2', '4');
INSERT INTO `notas` VALUES ('2669111', '3', '3');
INSERT INTO `notas` VALUES ('2669560', '1', '8');
INSERT INTO `notas` VALUES ('2669560', '2', '5');
INSERT INTO `notas` VALUES ('2669560', '3', '5');
INSERT INTO `notas` VALUES ('2669749', '1', '8');
INSERT INTO `notas` VALUES ('2669749', '2', '6');
INSERT INTO `notas` VALUES ('2669749', '3', '5');
INSERT INTO `notas` VALUES ('2670956', '1', '9');
INSERT INTO `notas` VALUES ('2670956', '2', '7');
INSERT INTO `notas` VALUES ('2670956', '3', '5');
INSERT INTO `notas` VALUES ('30745766', '1', '2');
INSERT INTO `notas` VALUES ('30745766', '2', '8');
INSERT INTO `notas` VALUES ('30745766', '3', '4');
INSERT INTO `notas` VALUES ('3093893', '1', '3');
INSERT INTO `notas` VALUES ('3093893', '2', '7');
INSERT INTO `notas` VALUES ('3093893', '3', '6');
INSERT INTO `notas` VALUES ('32703586', '1', '3');
INSERT INTO `notas` VALUES ('32703586', '2', '7');
INSERT INTO `notas` VALUES ('32703586', '3', '3');
INSERT INTO `notas` VALUES ('33523948', '1', '4');
INSERT INTO `notas` VALUES ('33523948', '2', '1');
INSERT INTO `notas` VALUES ('33523948', '3', '3');
INSERT INTO `notas` VALUES ('36106722', '1', '5');
INSERT INTO `notas` VALUES ('36106722', '2', '2');
INSERT INTO `notas` VALUES ('36106722', '3', '3');
INSERT INTO `notas` VALUES ('3867773', '1', '6');
INSERT INTO `notas` VALUES ('3867773', '2', '2');
INSERT INTO `notas` VALUES ('3867773', '3', '3');
INSERT INTO `notas` VALUES ('3877296', '1', '7');
INSERT INTO `notas` VALUES ('3877296', '2', '3');
INSERT INTO `notas` VALUES ('3877296', '3', '3');
INSERT INTO `notas` VALUES ('3888843', '1', '8');
INSERT INTO `notas` VALUES ('3888843', '2', '3');
INSERT INTO `notas` VALUES ('3888843', '3', '5');
INSERT INTO `notas` VALUES ('3897830', '1', '7');
INSERT INTO `notas` VALUES ('3897830', '2', '5');
INSERT INTO `notas` VALUES ('3897830', '3', '5');
INSERT INTO `notas` VALUES ('3898800', '1', '7');
INSERT INTO `notas` VALUES ('3898800', '2', '5');
INSERT INTO `notas` VALUES ('3898800', '3', '5');
INSERT INTO `notas` VALUES ('3899484', '1', '1');
INSERT INTO `notas` VALUES ('3899484', '2', '5');
INSERT INTO `notas` VALUES ('3899484', '3', '4');
INSERT INTO `notas` VALUES ('3900635', '1', '2');
INSERT INTO `notas` VALUES ('3900635', '2', '4');
INSERT INTO `notas` VALUES ('3900635', '3', '7');
INSERT INTO `notas` VALUES ('3904537', '1', '2');
INSERT INTO `notas` VALUES ('3904537', '2', '6');
INSERT INTO `notas` VALUES ('3904537', '3', '9');
INSERT INTO `notas` VALUES ('3904786', '1', '3');
INSERT INTO `notas` VALUES ('3904786', '2', '3');
INSERT INTO `notas` VALUES ('3904786', '3', '8');
INSERT INTO `notas` VALUES ('3905226', '1', '3');
INSERT INTO `notas` VALUES ('3905226', '2', '3');
INSERT INTO `notas` VALUES ('3905226', '3', '8');
INSERT INTO `notas` VALUES ('3905411', '1', '5');
INSERT INTO `notas` VALUES ('3905411', '2', '3');
INSERT INTO `notas` VALUES ('3905411', '3', '8');
INSERT INTO `notas` VALUES ('3907718', '1', '5');
INSERT INTO `notas` VALUES ('3907718', '2', '3');
INSERT INTO `notas` VALUES ('3907718', '3', '8');
INSERT INTO `notas` VALUES ('3907803', '1', '5');
INSERT INTO `notas` VALUES ('3907803', '2', '3');
INSERT INTO `notas` VALUES ('3907803', '3', '8');
INSERT INTO `notas` VALUES ('4213464', '1', '4');
INSERT INTO `notas` VALUES ('4213464', '2', '5');
INSERT INTO `notas` VALUES ('4213464', '3', '8');
INSERT INTO `notas` VALUES ('4214130', '1', '6');
INSERT INTO `notas` VALUES ('4214130', '2', '5');
INSERT INTO `notas` VALUES ('4214130', '3', '8');
INSERT INTO `notas` VALUES ('4216552', '1', '3');
INSERT INTO `notas` VALUES ('4216552', '2', '5');
INSERT INTO `notas` VALUES ('4216552', '3', '9');
INSERT INTO `notas` VALUES ('4216993', '1', '3');
INSERT INTO `notas` VALUES ('4216993', '2', '4');
INSERT INTO `notas` VALUES ('4216993', '3', '7');
INSERT INTO `notas` VALUES ('43125083', '1', '3');
INSERT INTO `notas` VALUES ('43125083', '2', '2');
INSERT INTO `notas` VALUES ('43125083', '3', '5');
INSERT INTO `notas` VALUES ('46841117', '1', '3');
INSERT INTO `notas` VALUES ('46841117', '2', '3');
INSERT INTO `notas` VALUES ('46841117', '3', '4');
INSERT INTO `notas` VALUES ('46845978', '1', '3');
INSERT INTO `notas` VALUES ('46845978', '2', '3');
INSERT INTO `notas` VALUES ('46845978', '3', '4');
INSERT INTO `notas` VALUES ('46851690', '1', '5');
INSERT INTO `notas` VALUES ('46851690', '2', '4');
INSERT INTO `notas` VALUES ('46851690', '3', '2');
INSERT INTO `notas` VALUES ('46922311', '1', '5');
INSERT INTO `notas` VALUES ('46922311', '2', '5');
INSERT INTO `notas` VALUES ('46922311', '3', '4');
INSERT INTO `notas` VALUES ('46924533', '1', '5');
INSERT INTO `notas` VALUES ('46924533', '2', '6');
INSERT INTO `notas` VALUES ('46924533', '3', '2');
INSERT INTO `notas` VALUES ('46925960', '1', '4');
INSERT INTO `notas` VALUES ('46925960', '2', '7');
INSERT INTO `notas` VALUES ('46925960', '3', '3');
INSERT INTO `notas` VALUES ('46928330', '1', '7');
INSERT INTO `notas` VALUES ('46928330', '2', '8');
INSERT INTO `notas` VALUES ('46928330', '3', '3');
INSERT INTO `notas` VALUES ('46928725', '1', '9');
INSERT INTO `notas` VALUES ('46928725', '2', '7');
INSERT INTO `notas` VALUES ('46928725', '3', '4');
INSERT INTO `notas` VALUES ('46938891', '1', '8');
INSERT INTO `notas` VALUES ('46938891', '2', '7');
INSERT INTO `notas` VALUES ('46938891', '3', '5');
INSERT INTO `notas` VALUES ('47024986', '1', '8');
INSERT INTO `notas` VALUES ('47024986', '2', '1');
INSERT INTO `notas` VALUES ('47024986', '3', '6');
INSERT INTO `notas` VALUES ('47031921', '1', '8');
INSERT INTO `notas` VALUES ('47031921', '2', '2');
INSERT INTO `notas` VALUES ('47031921', '3', '7');
INSERT INTO `notas` VALUES ('47034100', '1', '8');
INSERT INTO `notas` VALUES ('47034100', '2', '2');
INSERT INTO `notas` VALUES ('47034100', '3', '8');
INSERT INTO `notas` VALUES ('47034404', '1', '8');
INSERT INTO `notas` VALUES ('47034404', '2', '3');
INSERT INTO `notas` VALUES ('47034404', '3', '7');
INSERT INTO `notas` VALUES ('47035769', '1', '8');
INSERT INTO `notas` VALUES ('47035769', '2', '3');
INSERT INTO `notas` VALUES ('47035769', '3', '7');
INSERT INTO `notas` VALUES ('47042006', '1', '8');
INSERT INTO `notas` VALUES ('47042006', '2', '5');
INSERT INTO `notas` VALUES ('47042006', '3', '1');
INSERT INTO `notas` VALUES ('47042385', '1', '9');
INSERT INTO `notas` VALUES ('47042385', '2', '5');
INSERT INTO `notas` VALUES ('47042385', '3', '2');
INSERT INTO `notas` VALUES ('47042399', '1', '7');
INSERT INTO `notas` VALUES ('47042399', '2', '5');
INSERT INTO `notas` VALUES ('47042399', '3', '2');
INSERT INTO `notas` VALUES ('47044073', '1', '2');
INSERT INTO `notas` VALUES ('47044073', '2', '4');
INSERT INTO `notas` VALUES ('47044073', '3', '3');
INSERT INTO `notas` VALUES ('47045618', '1', '3');
INSERT INTO `notas` VALUES ('47045618', '2', '6');
INSERT INTO `notas` VALUES ('47045618', '3', '3');
INSERT INTO `notas` VALUES ('47046526', '1', '3');
INSERT INTO `notas` VALUES ('47046526', '2', '3');
INSERT INTO `notas` VALUES ('47046526', '3', '5');
INSERT INTO `notas` VALUES ('47046930', '1', '4');
INSERT INTO `notas` VALUES ('47046930', '2', '3');
INSERT INTO `notas` VALUES ('47046930', '3', '5');
INSERT INTO `notas` VALUES ('47047937', '1', '5');
INSERT INTO `notas` VALUES ('47047937', '2', '3');
INSERT INTO `notas` VALUES ('47047937', '3', '5');
INSERT INTO `notas` VALUES ('47049228', '1', '6');
INSERT INTO `notas` VALUES ('47049228', '2', '3');
INSERT INTO `notas` VALUES ('47049228', '3', '4');
INSERT INTO `notas` VALUES ('47049316', '1', '7');
INSERT INTO `notas` VALUES ('47049316', '2', '3');
INSERT INTO `notas` VALUES ('47049316', '3', '6');
INSERT INTO `notas` VALUES ('47049392', '1', '8');
INSERT INTO `notas` VALUES ('47049392', '2', '5');
INSERT INTO `notas` VALUES ('47049392', '3', '3');
INSERT INTO `notas` VALUES ('47217990', '1', '7');
INSERT INTO `notas` VALUES ('47217990', '2', '5');
INSERT INTO `notas` VALUES ('47217990', '3', '3');
INSERT INTO `notas` VALUES ('47220902', '1', '7');
INSERT INTO `notas` VALUES ('47220902', '2', '5');
INSERT INTO `notas` VALUES ('47220902', '3', '2');
INSERT INTO `notas` VALUES ('47280013', '1', '1');
INSERT INTO `notas` VALUES ('47280013', '2', '4');
INSERT INTO `notas` VALUES ('47280013', '3', '3');
INSERT INTO `notas` VALUES ('47301118', '1', '2');
INSERT INTO `notas` VALUES ('47301118', '2', '7');
INSERT INTO `notas` VALUES ('47301118', '3', '3');
INSERT INTO `notas` VALUES ('47302239', '1', '2');
INSERT INTO `notas` VALUES ('47302239', '2', '9');
INSERT INTO `notas` VALUES ('47302239', '3', '4');
INSERT INTO `notas` VALUES ('47450428', '1', '3');
INSERT INTO `notas` VALUES ('47450428', '2', '8');
INSERT INTO `notas` VALUES ('47450428', '3', '5');
INSERT INTO `notas` VALUES ('47456054', '1', '3');
INSERT INTO `notas` VALUES ('47456054', '2', '8');
INSERT INTO `notas` VALUES ('47456054', '3', '6');
INSERT INTO `notas` VALUES ('47456601', '1', '5');
INSERT INTO `notas` VALUES ('47456601', '2', '8');
INSERT INTO `notas` VALUES ('47456601', '3', '7');
INSERT INTO `notas` VALUES ('47457503', '1', '5');
INSERT INTO `notas` VALUES ('47457503', '2', '8');
INSERT INTO `notas` VALUES ('47457503', '3', '8');
INSERT INTO `notas` VALUES ('47457939', '1', '5');
INSERT INTO `notas` VALUES ('47457939', '2', '8');
INSERT INTO `notas` VALUES ('47457939', '3', '7');
INSERT INTO `notas` VALUES ('47458251', '1', '4');
INSERT INTO `notas` VALUES ('47458251', '2', '8');
INSERT INTO `notas` VALUES ('47458251', '3', '7');
INSERT INTO `notas` VALUES ('47458460', '1', '6');
INSERT INTO `notas` VALUES ('47458460', '2', '8');
INSERT INTO `notas` VALUES ('47458460', '3', '1');
INSERT INTO `notas` VALUES ('47458552', '1', '3');
INSERT INTO `notas` VALUES ('47458552', '2', '9');
INSERT INTO `notas` VALUES ('47458552', '3', '2');
INSERT INTO `notas` VALUES ('47458849', '1', '3');
INSERT INTO `notas` VALUES ('47458849', '2', '2');
INSERT INTO `notas` VALUES ('47458849', '3', '2');
INSERT INTO `notas` VALUES ('47459361', '1', '3');
INSERT INTO `notas` VALUES ('47459361', '2', '3');
INSERT INTO `notas` VALUES ('47459361', '3', '3');
INSERT INTO `notas` VALUES ('47460015', '1', '3');
INSERT INTO `notas` VALUES ('47460015', '2', '3');
INSERT INTO `notas` VALUES ('47460015', '3', '3');
INSERT INTO `notas` VALUES ('47491189', '1', '3');
INSERT INTO `notas` VALUES ('47491189', '2', '4');
INSERT INTO `notas` VALUES ('47491189', '3', '5');
INSERT INTO `notas` VALUES ('47495786', '1', '5');
INSERT INTO `notas` VALUES ('47495786', '2', '5');
INSERT INTO `notas` VALUES ('47495786', '3', '5');
INSERT INTO `notas` VALUES ('47496281', '1', '5');
INSERT INTO `notas` VALUES ('47496281', '2', '6');
INSERT INTO `notas` VALUES ('47496281', '3', '5');
INSERT INTO `notas` VALUES ('47497218', '1', '5');
INSERT INTO `notas` VALUES ('47497218', '2', '7');
INSERT INTO `notas` VALUES ('47497218', '3', '4');
INSERT INTO `notas` VALUES ('47499160', '1', '4');
INSERT INTO `notas` VALUES ('47499160', '2', '8');
INSERT INTO `notas` VALUES ('47499160', '3', '6');
INSERT INTO `notas` VALUES ('48997059', '1', '7');
INSERT INTO `notas` VALUES ('48997059', '2', '7');
INSERT INTO `notas` VALUES ('48997059', '3', '3');
INSERT INTO `notas` VALUES ('48997274', '1', '9');
INSERT INTO `notas` VALUES ('48997274', '2', '7');
INSERT INTO `notas` VALUES ('48997274', '3', '3');
INSERT INTO `notas` VALUES ('49003272', '1', '8');
INSERT INTO `notas` VALUES ('49003272', '2', '1');
INSERT INTO `notas` VALUES ('49003272', '3', '3');
INSERT INTO `notas` VALUES ('49003605', '1', '8');
INSERT INTO `notas` VALUES ('49003605', '2', '2');
INSERT INTO `notas` VALUES ('49003605', '3', '3');
INSERT INTO `notas` VALUES ('49004517', '1', '8');
INSERT INTO `notas` VALUES ('49004517', '2', '2');
INSERT INTO `notas` VALUES ('49004517', '3', '3');
INSERT INTO `notas` VALUES ('49004747', '1', '8');
INSERT INTO `notas` VALUES ('49004747', '2', '3');
INSERT INTO `notas` VALUES ('49004747', '3', '5');
INSERT INTO `notas` VALUES ('49005132', '1', '8');
INSERT INTO `notas` VALUES ('49005132', '2', '3');
INSERT INTO `notas` VALUES ('49005132', '3', '5');
INSERT INTO `notas` VALUES ('49006338', '1', '8');
INSERT INTO `notas` VALUES ('49006338', '2', '5');
INSERT INTO `notas` VALUES ('49006338', '3', '5');
INSERT INTO `notas` VALUES ('49011941', '1', '8');
INSERT INTO `notas` VALUES ('49011941', '2', '5');
INSERT INTO `notas` VALUES ('49011941', '3', '4');
INSERT INTO `notas` VALUES ('49013123', '1', '9');
INSERT INTO `notas` VALUES ('49013123', '2', '5');
INSERT INTO `notas` VALUES ('49013123', '3', '7');
INSERT INTO `notas` VALUES ('49013614', '1', '7');
INSERT INTO `notas` VALUES ('49013614', '2', '4');
INSERT INTO `notas` VALUES ('49013614', '3', '2');
INSERT INTO `notas` VALUES ('49013775', '1', '5');
INSERT INTO `notas` VALUES ('49013775', '2', '6');
INSERT INTO `notas` VALUES ('49013775', '3', '3');
INSERT INTO `notas` VALUES ('49013815', '1', '4');
INSERT INTO `notas` VALUES ('49013815', '2', '3');
INSERT INTO `notas` VALUES ('49013815', '3', '3');
INSERT INTO `notas` VALUES ('49013889', '1', '4');
INSERT INTO `notas` VALUES ('49013889', '2', '3');
INSERT INTO `notas` VALUES ('49013889', '3', '4');
INSERT INTO `notas` VALUES ('49013944', '1', '2');
INSERT INTO `notas` VALUES ('49013944', '2', '3');
INSERT INTO `notas` VALUES ('49013944', '3', '5');
INSERT INTO `notas` VALUES ('49014316', '1', '4');
INSERT INTO `notas` VALUES ('49014316', '2', '3');
INSERT INTO `notas` VALUES ('49014316', '3', '6');
INSERT INTO `notas` VALUES ('49015728', '1', '2');
INSERT INTO `notas` VALUES ('49015728', '2', '3');
INSERT INTO `notas` VALUES ('49015728', '3', '7');
INSERT INTO `notas` VALUES ('49016849', '1', '3');
INSERT INTO `notas` VALUES ('49016849', '2', '5');
INSERT INTO `notas` VALUES ('49016849', '3', '8');
INSERT INTO `notas` VALUES ('49017419', '1', '3');
INSERT INTO `notas` VALUES ('49017419', '2', '5');
INSERT INTO `notas` VALUES ('49017419', '3', '7');
INSERT INTO `notas` VALUES ('49017896', '1', '4');
INSERT INTO `notas` VALUES ('49017896', '2', '5');
INSERT INTO `notas` VALUES ('49017896', '3', '7');
INSERT INTO `notas` VALUES ('49018965', '1', '5');
INSERT INTO `notas` VALUES ('49018965', '2', '4');
INSERT INTO `notas` VALUES ('49018965', '3', '1');
INSERT INTO `notas` VALUES ('49020051', '1', '6');
INSERT INTO `notas` VALUES ('49020051', '2', '7');
INSERT INTO `notas` VALUES ('49020051', '3', '2');
INSERT INTO `notas` VALUES ('50107211', '1', '7');
INSERT INTO `notas` VALUES ('50107211', '2', '9');
INSERT INTO `notas` VALUES ('50107211', '3', '2');
INSERT INTO `notas` VALUES ('50113980', '1', '8');
INSERT INTO `notas` VALUES ('50113980', '2', '8');
INSERT INTO `notas` VALUES ('50113980', '3', '3');
INSERT INTO `notas` VALUES ('50117251', '1', '7');
INSERT INTO `notas` VALUES ('50117251', '2', '8');
INSERT INTO `notas` VALUES ('50117251', '3', '3');
INSERT INTO `notas` VALUES ('50119480', '1', '7');
INSERT INTO `notas` VALUES ('50119480', '2', '8');
INSERT INTO `notas` VALUES ('50119480', '3', '5');
INSERT INTO `notas` VALUES ('50127926', '1', '1');
INSERT INTO `notas` VALUES ('50127926', '2', '8');
INSERT INTO `notas` VALUES ('50127926', '3', '5');
INSERT INTO `notas` VALUES ('50128111', '1', '2');
INSERT INTO `notas` VALUES ('50128111', '2', '8');
INSERT INTO `notas` VALUES ('50128111', '3', '5');
INSERT INTO `notas` VALUES ('50128158', '1', '2');
INSERT INTO `notas` VALUES ('50128158', '2', '8');
INSERT INTO `notas` VALUES ('50128158', '3', '4');
INSERT INTO `notas` VALUES ('50129298', '1', '3');
INSERT INTO `notas` VALUES ('50129298', '2', '8');
INSERT INTO `notas` VALUES ('50129298', '3', '6');
INSERT INTO `notas` VALUES ('50129650', '1', '3');
INSERT INTO `notas` VALUES ('50129650', '2', '9');
INSERT INTO `notas` VALUES ('50129650', '3', '3');
INSERT INTO `notas` VALUES ('50211749', '1', '5');
INSERT INTO `notas` VALUES ('50211749', '2', '7');
INSERT INTO `notas` VALUES ('50211749', '3', '3');
INSERT INTO `notas` VALUES ('50218486', '1', '5');
INSERT INTO `notas` VALUES ('50218486', '2', '2');
INSERT INTO `notas` VALUES ('50218486', '3', '3');
INSERT INTO `notas` VALUES ('50220753', '1', '5');
INSERT INTO `notas` VALUES ('50220753', '2', '3');
INSERT INTO `notas` VALUES ('50220753', '3', '3');
INSERT INTO `notas` VALUES ('50221127', '1', '4');
INSERT INTO `notas` VALUES ('50221127', '2', '3');
INSERT INTO `notas` VALUES ('50221127', '3', '3');
INSERT INTO `notas` VALUES ('50221454', '1', '6');
INSERT INTO `notas` VALUES ('50221454', '2', '4');
INSERT INTO `notas` VALUES ('50221454', '3', '5');
INSERT INTO `notas` VALUES ('50221778', '1', '3');
INSERT INTO `notas` VALUES ('50221778', '2', '5');
INSERT INTO `notas` VALUES ('50221778', '3', '5');
INSERT INTO `notas` VALUES ('50222200', '1', '3');
INSERT INTO `notas` VALUES ('50222200', '2', '6');
INSERT INTO `notas` VALUES ('50222200', '3', '5');
INSERT INTO `notas` VALUES ('50222579', '1', '2');
INSERT INTO `notas` VALUES ('50222579', '2', '7');
INSERT INTO `notas` VALUES ('50222579', '3', '4');
INSERT INTO `notas` VALUES ('50222877', '1', '3');
INSERT INTO `notas` VALUES ('50222877', '2', '8');
INSERT INTO `notas` VALUES ('50222877', '3', '7');
INSERT INTO `notas` VALUES ('50224174', '1', '3');
INSERT INTO `notas` VALUES ('50224174', '2', '7');
INSERT INTO `notas` VALUES ('50224174', '3', '9');
INSERT INTO `notas` VALUES ('50318962', '1', '4');
INSERT INTO `notas` VALUES ('50318962', '2', '7');
INSERT INTO `notas` VALUES ('50318962', '3', '8');
INSERT INTO `notas` VALUES ('50323408', '1', '5');
INSERT INTO `notas` VALUES ('50323408', '2', '1');
INSERT INTO `notas` VALUES ('50323408', '3', '8');
INSERT INTO `notas` VALUES ('50443489', '1', '6');
INSERT INTO `notas` VALUES ('50443489', '2', '2');
INSERT INTO `notas` VALUES ('50443489', '3', '8');
INSERT INTO `notas` VALUES ('50466830', '1', '7');
INSERT INTO `notas` VALUES ('50466830', '2', '2');
INSERT INTO `notas` VALUES ('50466830', '3', '8');
INSERT INTO `notas` VALUES ('50542633', '1', '8');
INSERT INTO `notas` VALUES ('50542633', '2', '3');
INSERT INTO `notas` VALUES ('50542633', '3', '8');
INSERT INTO `notas` VALUES ('50542635', '1', '7');
INSERT INTO `notas` VALUES ('50542635', '2', '3');
INSERT INTO `notas` VALUES ('50542635', '3', '8');
INSERT INTO `notas` VALUES ('50543536', '1', '7');
INSERT INTO `notas` VALUES ('50543536', '2', '5');
INSERT INTO `notas` VALUES ('50543536', '3', '8');
INSERT INTO `notas` VALUES ('50543825', '1', '1');
INSERT INTO `notas` VALUES ('50543825', '2', '5');
INSERT INTO `notas` VALUES ('50543825', '3', '9');
INSERT INTO `notas` VALUES ('50543951', '1', '2');
INSERT INTO `notas` VALUES ('50543951', '2', '5');
INSERT INTO `notas` VALUES ('50543951', '3', '7');
INSERT INTO `notas` VALUES ('50733568', '1', '2');
INSERT INTO `notas` VALUES ('50733568', '2', '4');
INSERT INTO `notas` VALUES ('50733568', '3', '5');
INSERT INTO `notas` VALUES ('50739304', '1', '3');
INSERT INTO `notas` VALUES ('50739304', '2', '6');
INSERT INTO `notas` VALUES ('50739304', '3', '4');
INSERT INTO `notas` VALUES ('50741553', '1', '3');
INSERT INTO `notas` VALUES ('50741553', '2', '3');
INSERT INTO `notas` VALUES ('50741553', '3', '4');
INSERT INTO `notas` VALUES ('50741554', '1', '5');
INSERT INTO `notas` VALUES ('50741554', '2', '3');
INSERT INTO `notas` VALUES ('50741554', '3', '2');
INSERT INTO `notas` VALUES ('50749620', '1', '5');
INSERT INTO `notas` VALUES ('50749620', '2', '3');
INSERT INTO `notas` VALUES ('50749620', '3', '3');
INSERT INTO `notas` VALUES ('50751029', '1', '5');
INSERT INTO `notas` VALUES ('50751029', '2', '3');
INSERT INTO `notas` VALUES ('50751029', '3', '3');
INSERT INTO `notas` VALUES ('50752579', '1', '4');
INSERT INTO `notas` VALUES ('50752579', '2', '3');
INSERT INTO `notas` VALUES ('50752579', '3', '4');
INSERT INTO `notas` VALUES ('50753061', '1', '6');
INSERT INTO `notas` VALUES ('50753061', '2', '5');
INSERT INTO `notas` VALUES ('50753061', '3', '5');
INSERT INTO `notas` VALUES ('50754253', '1', '3');
INSERT INTO `notas` VALUES ('50754253', '2', '5');
INSERT INTO `notas` VALUES ('50754253', '3', '6');
INSERT INTO `notas` VALUES ('50755331', '1', '3');
INSERT INTO `notas` VALUES ('50755331', '2', '5');
INSERT INTO `notas` VALUES ('50755331', '3', '7');
INSERT INTO `notas` VALUES ('50755563', '1', '3');
INSERT INTO `notas` VALUES ('50755563', '2', '4');
INSERT INTO `notas` VALUES ('50755563', '3', '8');
INSERT INTO `notas` VALUES ('50755712', '1', '3');
INSERT INTO `notas` VALUES ('50755712', '2', '7');
INSERT INTO `notas` VALUES ('50755712', '3', '7');
INSERT INTO `notas` VALUES ('50755775', '1', '3');
INSERT INTO `notas` VALUES ('50755775', '2', '2');
INSERT INTO `notas` VALUES ('50755775', '3', '7');
INSERT INTO `notas` VALUES ('50756221', '1', '5');
INSERT INTO `notas` VALUES ('50756221', '2', '3');
INSERT INTO `notas` VALUES ('50756221', '3', '1');
INSERT INTO `notas` VALUES ('50868738', '1', '5');
INSERT INTO `notas` VALUES ('50868738', '2', '3');
INSERT INTO `notas` VALUES ('50868738', '3', '2');
INSERT INTO `notas` VALUES ('50875209', '1', '5');
INSERT INTO `notas` VALUES ('50875209', '2', '4');
INSERT INTO `notas` VALUES ('50875209', '3', '2');
INSERT INTO `notas` VALUES ('50880732', '1', '4');
INSERT INTO `notas` VALUES ('50880732', '2', '5');
INSERT INTO `notas` VALUES ('50880732', '3', '3');
INSERT INTO `notas` VALUES ('50884239', '1', '7');
INSERT INTO `notas` VALUES ('50884239', '2', '6');
INSERT INTO `notas` VALUES ('50884239', '3', '3');
INSERT INTO `notas` VALUES ('50885221', '1', '2');
INSERT INTO `notas` VALUES ('50885221', '2', '7');
INSERT INTO `notas` VALUES ('50885221', '3', '5');
INSERT INTO `notas` VALUES ('50885336', '1', '3');
INSERT INTO `notas` VALUES ('50885336', '2', '8');
INSERT INTO `notas` VALUES ('50885336', '3', '5');
INSERT INTO `notas` VALUES ('50885927', '1', '3');
INSERT INTO `notas` VALUES ('50885927', '2', '7');
INSERT INTO `notas` VALUES ('50885927', '3', '5');
INSERT INTO `notas` VALUES ('50886453', '1', '4');
INSERT INTO `notas` VALUES ('50886453', '2', '7');
INSERT INTO `notas` VALUES ('50886453', '3', '4');
INSERT INTO `notas` VALUES ('50886959', '1', '5');
INSERT INTO `notas` VALUES ('50886959', '2', '1');
INSERT INTO `notas` VALUES ('50886959', '3', '6');
INSERT INTO `notas` VALUES ('50887483', '1', '6');
INSERT INTO `notas` VALUES ('50887483', '2', '2');
INSERT INTO `notas` VALUES ('50887483', '3', '3');
INSERT INTO `notas` VALUES ('50888252', '1', '7');
INSERT INTO `notas` VALUES ('50888252', '2', '2');
INSERT INTO `notas` VALUES ('50888252', '3', '3');
INSERT INTO `notas` VALUES ('50891348', '1', '8');
INSERT INTO `notas` VALUES ('50891348', '2', '3');
INSERT INTO `notas` VALUES ('50891348', '3', '3');
INSERT INTO `notas` VALUES ('51076828', '1', '7');
INSERT INTO `notas` VALUES ('51076828', '2', '3');
INSERT INTO `notas` VALUES ('51076828', '3', '3');
INSERT INTO `notas` VALUES ('51083987', '1', '7');
INSERT INTO `notas` VALUES ('51083987', '2', '5');
INSERT INTO `notas` VALUES ('51083987', '3', '3');
INSERT INTO `notas` VALUES ('51087952', '1', '1');
INSERT INTO `notas` VALUES ('51087952', '2', '5');
INSERT INTO `notas` VALUES ('51087952', '3', '5');
INSERT INTO `notas` VALUES ('51093870', '1', '2');
INSERT INTO `notas` VALUES ('51093870', '2', '5');
INSERT INTO `notas` VALUES ('51093870', '3', '5');
INSERT INTO `notas` VALUES ('51096901', '1', '2');
INSERT INTO `notas` VALUES ('51096901', '2', '4');
INSERT INTO `notas` VALUES ('51096901', '3', '5');
INSERT INTO `notas` VALUES ('51097958', '1', '3');
INSERT INTO `notas` VALUES ('51097958', '2', '6');
INSERT INTO `notas` VALUES ('51097958', '3', '4');
INSERT INTO `notas` VALUES ('51449111', '1', '3');
INSERT INTO `notas` VALUES ('51449111', '2', '3');
INSERT INTO `notas` VALUES ('51449111', '3', '7');
INSERT INTO `notas` VALUES ('51455418', '1', '5');
INSERT INTO `notas` VALUES ('51455418', '2', '3');
INSERT INTO `notas` VALUES ('51455418', '3', '9');
INSERT INTO `notas` VALUES ('51457246', '1', '5');
INSERT INTO `notas` VALUES ('51457246', '2', '3');
INSERT INTO `notas` VALUES ('51457246', '3', '8');
INSERT INTO `notas` VALUES ('51457720', '1', '5');
INSERT INTO `notas` VALUES ('51457720', '2', '3');
INSERT INTO `notas` VALUES ('51457720', '3', '8');
INSERT INTO `notas` VALUES ('51458752', '1', '4');
INSERT INTO `notas` VALUES ('51458752', '2', '3');
INSERT INTO `notas` VALUES ('51458752', '3', '8');
INSERT INTO `notas` VALUES ('51458893', '1', '6');
INSERT INTO `notas` VALUES ('51458893', '2', '5');
INSERT INTO `notas` VALUES ('51458893', '3', '8');
INSERT INTO `notas` VALUES ('51927823', '1', '3');
INSERT INTO `notas` VALUES ('51927823', '2', '5');
INSERT INTO `notas` VALUES ('51927823', '3', '8');
INSERT INTO `notas` VALUES ('51985756', '1', '3');
INSERT INTO `notas` VALUES ('51985756', '2', '5');
INSERT INTO `notas` VALUES ('51985756', '3', '8');
INSERT INTO `notas` VALUES ('52107712', '1', '3');
INSERT INTO `notas` VALUES ('52107712', '2', '4');
INSERT INTO `notas` VALUES ('52107712', '3', '8');
INSERT INTO `notas` VALUES ('52355704', '1', '3');
INSERT INTO `notas` VALUES ('52355704', '2', '7');
INSERT INTO `notas` VALUES ('52355704', '3', '9');
INSERT INTO `notas` VALUES ('52860180', '1', '3');
INSERT INTO `notas` VALUES ('52860180', '2', '9');
INSERT INTO `notas` VALUES ('52860180', '3', '7');
INSERT INTO `notas` VALUES ('52887513', '1', '5');
INSERT INTO `notas` VALUES ('52887513', '2', '8');
INSERT INTO `notas` VALUES ('52887513', '3', '5');
INSERT INTO `notas` VALUES ('52959160', '1', '5');
INSERT INTO `notas` VALUES ('52959160', '2', '8');
INSERT INTO `notas` VALUES ('52959160', '3', '4');
INSERT INTO `notas` VALUES ('52964122', '1', '5');
INSERT INTO `notas` VALUES ('52964122', '2', '8');
INSERT INTO `notas` VALUES ('52964122', '3', '4');
INSERT INTO `notas` VALUES ('52975621', '1', '4');
INSERT INTO `notas` VALUES ('52975621', '2', '8');
INSERT INTO `notas` VALUES ('52975621', '3', '2');
INSERT INTO `notas` VALUES ('52978402', '1', '7');
INSERT INTO `notas` VALUES ('52978402', '2', '8');
INSERT INTO `notas` VALUES ('52978402', '3', '4');
INSERT INTO `notas` VALUES ('52980097', '1', '9');
INSERT INTO `notas` VALUES ('52980097', '2', '8');
INSERT INTO `notas` VALUES ('52980097', '3', '2');
INSERT INTO `notas` VALUES ('52980664', '1', '8');
INSERT INTO `notas` VALUES ('52980664', '2', '8');
INSERT INTO `notas` VALUES ('52980664', '3', '3');
INSERT INTO `notas` VALUES ('52984948', '1', '8');
INSERT INTO `notas` VALUES ('52984948', '2', '9');
INSERT INTO `notas` VALUES ('52984948', '3', '3');
INSERT INTO `notas` VALUES ('52997923', '1', '8');
INSERT INTO `notas` VALUES ('52997923', '2', '2');
INSERT INTO `notas` VALUES ('52997923', '3', '4');
INSERT INTO `notas` VALUES ('52999706', '1', '8');
INSERT INTO `notas` VALUES ('52999706', '2', '3');
INSERT INTO `notas` VALUES ('52999706', '3', '5');
INSERT INTO `notas` VALUES ('52999879', '1', '8');
INSERT INTO `notas` VALUES ('52999879', '2', '3');
INSERT INTO `notas` VALUES ('52999879', '3', '6');
INSERT INTO `notas` VALUES ('53022980', '1', '8');
INSERT INTO `notas` VALUES ('53022980', '2', '4');
INSERT INTO `notas` VALUES ('53022980', '3', '7');
INSERT INTO `notas` VALUES ('53047850', '1', '8');
INSERT INTO `notas` VALUES ('53047850', '2', '5');
INSERT INTO `notas` VALUES ('53047850', '3', '8');
INSERT INTO `notas` VALUES ('53049672', '1', '9');
INSERT INTO `notas` VALUES ('53049672', '2', '6');
INSERT INTO `notas` VALUES ('53049672', '3', '7');
INSERT INTO `notas` VALUES ('53105927', '1', '7');
INSERT INTO `notas` VALUES ('53105927', '2', '7');
INSERT INTO `notas` VALUES ('53105927', '3', '7');
INSERT INTO `notas` VALUES ('53132863', '1', '5');
INSERT INTO `notas` VALUES ('53132863', '2', '8');
INSERT INTO `notas` VALUES ('53132863', '3', '1');
INSERT INTO `notas` VALUES ('53134085', '1', '4');
INSERT INTO `notas` VALUES ('53134085', '2', '7');
INSERT INTO `notas` VALUES ('53134085', '3', '2');
INSERT INTO `notas` VALUES ('53137477', '1', '4');
INSERT INTO `notas` VALUES ('53137477', '2', '7');
INSERT INTO `notas` VALUES ('53137477', '3', '2');
INSERT INTO `notas` VALUES ('53386548', '1', '2');
INSERT INTO `notas` VALUES ('53386548', '2', '1');
INSERT INTO `notas` VALUES ('53386548', '3', '3');
INSERT INTO `notas` VALUES ('53389834', '1', '3');
INSERT INTO `notas` VALUES ('53389834', '2', '2');
INSERT INTO `notas` VALUES ('53389834', '3', '3');
INSERT INTO `notas` VALUES ('53389853', '1', '3');
INSERT INTO `notas` VALUES ('53389853', '2', '2');
INSERT INTO `notas` VALUES ('53389853', '3', '5');
INSERT INTO `notas` VALUES ('53390061', '1', '4');
INSERT INTO `notas` VALUES ('53390061', '2', '3');
INSERT INTO `notas` VALUES ('53390061', '3', '5');
INSERT INTO `notas` VALUES ('53392543', '1', '5');
INSERT INTO `notas` VALUES ('53392543', '2', '3');
INSERT INTO `notas` VALUES ('53392543', '3', '5');
INSERT INTO `notas` VALUES ('53416739', '1', '6');
INSERT INTO `notas` VALUES ('53416739', '2', '5');
INSERT INTO `notas` VALUES ('53416739', '3', '4');
INSERT INTO `notas` VALUES ('53417961', '1', '7');
INSERT INTO `notas` VALUES ('53417961', '2', '5');
INSERT INTO `notas` VALUES ('53417961', '3', '0');
INSERT INTO `notas` VALUES ('53418213', '1', '8');
INSERT INTO `notas` VALUES ('53418213', '2', '5');
INSERT INTO `notas` VALUES ('53418213', '3', '0');
INSERT INTO `notas` VALUES ('53418326', '1', '7');
INSERT INTO `notas` VALUES ('53418326', '2', '4');
INSERT INTO `notas` VALUES ('53418326', '3', '0');
INSERT INTO `notas` VALUES ('53419163', '1', '7');
INSERT INTO `notas` VALUES ('53419163', '2', '6');
INSERT INTO `notas` VALUES ('53419163', '3', '0');
INSERT INTO `notas` VALUES ('53419959', '1', '1');
INSERT INTO `notas` VALUES ('53419959', '2', '3');
INSERT INTO `notas` VALUES ('53419959', '3', '0');
INSERT INTO `notas` VALUES ('53420473', '1', '2');
INSERT INTO `notas` VALUES ('53420473', '2', '3');
INSERT INTO `notas` VALUES ('53420473', '3', '0');
INSERT INTO `notas` VALUES ('53422123', '1', '2');
INSERT INTO `notas` VALUES ('53422123', '2', '3');
INSERT INTO `notas` VALUES ('53422123', '3', '5');
INSERT INTO `notas` VALUES ('53422257', '1', '3');
INSERT INTO `notas` VALUES ('53422257', '2', '3');
INSERT INTO `notas` VALUES ('53422257', '3', '5');
INSERT INTO `notas` VALUES ('53422330', '1', '3');
INSERT INTO `notas` VALUES ('53422330', '2', '3');
INSERT INTO `notas` VALUES ('53422330', '3', '0');
INSERT INTO `notas` VALUES ('53423041', '1', '5');
INSERT INTO `notas` VALUES ('53423041', '2', '5');
INSERT INTO `notas` VALUES ('53423041', '3', '0');
INSERT INTO `notas` VALUES ('53423243', '1', '5');
INSERT INTO `notas` VALUES ('53423243', '2', '5');
INSERT INTO `notas` VALUES ('53423243', '3', '7');
INSERT INTO `notas` VALUES ('53423313', '1', '5');
INSERT INTO `notas` VALUES ('53423313', '2', '5');
INSERT INTO `notas` VALUES ('53423313', '3', '9');
INSERT INTO `notas` VALUES ('53423815', '1', '4');
INSERT INTO `notas` VALUES ('53423815', '2', '4');
INSERT INTO `notas` VALUES ('53423815', '3', '0');
INSERT INTO `notas` VALUES ('53423817', '1', '6');
INSERT INTO `notas` VALUES ('53423817', '2', '7');
INSERT INTO `notas` VALUES ('53423817', '3', '0');
INSERT INTO `notas` VALUES ('53423916', '1', '3');
INSERT INTO `notas` VALUES ('53423916', '2', '9');
INSERT INTO `notas` VALUES ('53423916', '3', '8');
INSERT INTO `notas` VALUES ('53424700', '1', '3');
INSERT INTO `notas` VALUES ('53424700', '2', '8');
INSERT INTO `notas` VALUES ('53424700', '3', '8');
INSERT INTO `notas` VALUES ('53425387', '1', '3');
INSERT INTO `notas` VALUES ('53425387', '2', '8');
INSERT INTO `notas` VALUES ('53425387', '3', '0');
INSERT INTO `notas` VALUES ('53428006', '1', '3');
INSERT INTO `notas` VALUES ('53428006', '2', '8');
INSERT INTO `notas` VALUES ('53428006', '3', '0');
INSERT INTO `notas` VALUES ('53431089', '1', '3');
INSERT INTO `notas` VALUES ('53431089', '2', '8');
INSERT INTO `notas` VALUES ('53431089', '3', '0');
INSERT INTO `notas` VALUES ('53432616', '1', '5');
INSERT INTO `notas` VALUES ('53432616', '2', '8');
INSERT INTO `notas` VALUES ('53432616', '3', '9');
INSERT INTO `notas` VALUES ('53433387', '1', '5');
INSERT INTO `notas` VALUES ('53433387', '2', '8');
INSERT INTO `notas` VALUES ('53433387', '3', '9');
INSERT INTO `notas` VALUES ('53434567', '1', '5');
INSERT INTO `notas` VALUES ('53434567', '2', '8');
INSERT INTO `notas` VALUES ('53434567', '3', '3');
INSERT INTO `notas` VALUES ('53442156', '1', '4');
INSERT INTO `notas` VALUES ('53442156', '2', '9');
INSERT INTO `notas` VALUES ('53442156', '3', '9');
INSERT INTO `notas` VALUES ('53446287', '1', '7');
INSERT INTO `notas` VALUES ('53446287', '2', '7');
INSERT INTO `notas` VALUES ('53446287', '3', '9');
INSERT INTO `notas` VALUES ('53446583', '1', '9');
INSERT INTO `notas` VALUES ('53446583', '2', '2');
INSERT INTO `notas` VALUES ('53446583', '3', '5');
INSERT INTO `notas` VALUES ('53446663', '1', '8');
INSERT INTO `notas` VALUES ('53446663', '2', '3');
INSERT INTO `notas` VALUES ('53446663', '3', '9');
INSERT INTO `notas` VALUES ('53446822', '1', '8');
INSERT INTO `notas` VALUES ('53446822', '2', '3');
INSERT INTO `notas` VALUES ('53446822', '3', '9');
INSERT INTO `notas` VALUES ('53446893', '1', '8');
INSERT INTO `notas` VALUES ('53446893', '2', '4');
INSERT INTO `notas` VALUES ('53446893', '3', '9');
INSERT INTO `notas` VALUES ('53446947', '1', '8');
INSERT INTO `notas` VALUES ('53446947', '2', '5');
INSERT INTO `notas` VALUES ('53446947', '3', '9');
INSERT INTO `notas` VALUES ('53447056', '1', '8');
INSERT INTO `notas` VALUES ('53447056', '2', '6');
INSERT INTO `notas` VALUES ('53447056', '3', '7');
INSERT INTO `notas` VALUES ('53447071', '1', '8');
INSERT INTO `notas` VALUES ('53447071', '2', '7');
INSERT INTO `notas` VALUES ('53447071', '3', '1');
INSERT INTO `notas` VALUES ('53447680', '1', '8');
INSERT INTO `notas` VALUES ('53447680', '2', '8');
INSERT INTO `notas` VALUES ('53447680', '3', '2');
INSERT INTO `notas` VALUES ('53448199', '1', '9');
INSERT INTO `notas` VALUES ('53448199', '2', '2');
INSERT INTO `notas` VALUES ('53448199', '3', '2');
INSERT INTO `notas` VALUES ('53448494', '1', '7');
INSERT INTO `notas` VALUES ('53448494', '2', '3');
INSERT INTO `notas` VALUES ('53448494', '3', '9');
INSERT INTO `notas` VALUES ('53448818', '1', '5');
INSERT INTO `notas` VALUES ('53448818', '2', '3');
INSERT INTO `notas` VALUES ('53448818', '3', '8');
INSERT INTO `notas` VALUES ('53449882', '1', '4');
INSERT INTO `notas` VALUES ('53449882', '2', '4');
INSERT INTO `notas` VALUES ('53449882', '3', '5');
INSERT INTO `notas` VALUES ('53450152', '1', '4');
INSERT INTO `notas` VALUES ('53450152', '2', '5');
INSERT INTO `notas` VALUES ('53450152', '3', '8');
INSERT INTO `notas` VALUES ('53450600', '1', '2');
INSERT INTO `notas` VALUES ('53450600', '2', '6');
INSERT INTO `notas` VALUES ('53450600', '3', '5');
INSERT INTO `notas` VALUES ('53450717', '1', '4');
INSERT INTO `notas` VALUES ('53450717', '2', '7');
INSERT INTO `notas` VALUES ('53450717', '3', '8');
INSERT INTO `notas` VALUES ('53450747', '1', '2');
INSERT INTO `notas` VALUES ('53450747', '2', '8');
INSERT INTO `notas` VALUES ('53450747', '3', '6');
INSERT INTO `notas` VALUES ('53451001', '1', '3');
INSERT INTO `notas` VALUES ('53451001', '2', '7');
INSERT INTO `notas` VALUES ('53451001', '3', '6');
INSERT INTO `notas` VALUES ('53451123', '1', '3');
INSERT INTO `notas` VALUES ('53451123', '2', '7');
INSERT INTO `notas` VALUES ('53451123', '3', '3');
INSERT INTO `notas` VALUES ('53452083', '1', '4');
INSERT INTO `notas` VALUES ('53452083', '2', '1');
INSERT INTO `notas` VALUES ('53452083', '3', '6');
INSERT INTO `notas` VALUES ('53453335', '1', '5');
INSERT INTO `notas` VALUES ('53453335', '2', '2');
INSERT INTO `notas` VALUES ('53453335', '3', '3');
INSERT INTO `notas` VALUES ('53453665', '1', '6');
INSERT INTO `notas` VALUES ('53453665', '2', '2');
INSERT INTO `notas` VALUES ('53453665', '3', '4');
INSERT INTO `notas` VALUES ('53460755', '1', '7');
INSERT INTO `notas` VALUES ('53460755', '2', '3');
INSERT INTO `notas` VALUES ('53460755', '3', '5');
INSERT INTO `notas` VALUES ('53461159', '1', '8');
INSERT INTO `notas` VALUES ('53461159', '2', '3');
INSERT INTO `notas` VALUES ('53461159', '3', '2');
INSERT INTO `notas` VALUES ('53461178', '1', '7');
INSERT INTO `notas` VALUES ('53461178', '2', '5');
INSERT INTO `notas` VALUES ('53461178', '3', '5');
INSERT INTO `notas` VALUES ('53461338', '1', '7');
INSERT INTO `notas` VALUES ('53461338', '2', '5');
INSERT INTO `notas` VALUES ('53461338', '3', '2');
INSERT INTO `notas` VALUES ('53462493', '1', '1');
INSERT INTO `notas` VALUES ('53462493', '2', '5');
INSERT INTO `notas` VALUES ('53462493', '3', '2');
INSERT INTO `notas` VALUES ('53462871', '1', '2');
INSERT INTO `notas` VALUES ('53462871', '2', '4');
INSERT INTO `notas` VALUES ('53462871', '3', '2');
INSERT INTO `notas` VALUES ('53463340', '1', '2');
INSERT INTO `notas` VALUES ('53463340', '2', '6');
INSERT INTO `notas` VALUES ('53463340', '3', '8');
INSERT INTO `notas` VALUES ('53464562', '1', '3');
INSERT INTO `notas` VALUES ('53464562', '2', '3');
INSERT INTO `notas` VALUES ('53464562', '3', '2');
INSERT INTO `notas` VALUES ('53464701', '1', '3');
INSERT INTO `notas` VALUES ('53464701', '2', '3');
INSERT INTO `notas` VALUES ('53464701', '3', '8');
INSERT INTO `notas` VALUES ('53465947', '1', '5');
INSERT INTO `notas` VALUES ('53465947', '2', '3');
INSERT INTO `notas` VALUES ('53465947', '3', '3');
INSERT INTO `notas` VALUES ('53490626', '1', '5');
INSERT INTO `notas` VALUES ('53490626', '2', '3');
INSERT INTO `notas` VALUES ('53490626', '3', '8');
INSERT INTO `notas` VALUES ('5422989', '1', '5');
INSERT INTO `notas` VALUES ('5422989', '2', '3');
INSERT INTO `notas` VALUES ('5422989', '3', '8');
INSERT INTO `notas` VALUES ('6573699', '1', '4');
INSERT INTO `notas` VALUES ('6573699', '2', '5');
INSERT INTO `notas` VALUES ('6573699', '3', '7');
INSERT INTO `notas` VALUES ('70056580', '1', '6');
INSERT INTO `notas` VALUES ('70056580', '2', '5');
INSERT INTO `notas` VALUES ('70056580', '3', '7');
INSERT INTO `notas` VALUES ('70059204', '1', '3');
INSERT INTO `notas` VALUES ('70059204', '2', '5');
INSERT INTO `notas` VALUES ('70059204', '3', '7');
INSERT INTO `notas` VALUES ('70060073', '1', '3');
INSERT INTO `notas` VALUES ('70060073', '2', '4');
INSERT INTO `notas` VALUES ('70060073', '3', '7');
INSERT INTO `notas` VALUES ('70063468', '1', '3');
INSERT INTO `notas` VALUES ('70063468', '2', '7');
INSERT INTO `notas` VALUES ('70063468', '3', '3');
INSERT INTO `notas` VALUES ('70245204', '1', '3');
INSERT INTO `notas` VALUES ('70245204', '2', '9');
INSERT INTO `notas` VALUES ('70245204', '3', '3');
INSERT INTO `notas` VALUES ('70245815', '1', '3');
INSERT INTO `notas` VALUES ('70245815', '2', '8');
INSERT INTO `notas` VALUES ('70245815', '3', '4');
INSERT INTO `notas` VALUES ('70250031', '1', '2');
INSERT INTO `notas` VALUES ('70250031', '2', '8');
INSERT INTO `notas` VALUES ('70250031', '3', '5');
INSERT INTO `notas` VALUES ('70254462', '1', '3');
INSERT INTO `notas` VALUES ('70254462', '2', '8');
INSERT INTO `notas` VALUES ('70254462', '3', '6');
INSERT INTO `notas` VALUES ('71277949', '1', '3');
INSERT INTO `notas` VALUES ('71277949', '2', '8');
INSERT INTO `notas` VALUES ('71277949', '3', '7');
INSERT INTO `notas` VALUES ('71431342', '1', '4');
INSERT INTO `notas` VALUES ('71431342', '2', '8');
INSERT INTO `notas` VALUES ('71431342', '3', '7');
INSERT INTO `notas` VALUES ('71442335', '1', '5');
INSERT INTO `notas` VALUES ('71442335', '2', '8');
INSERT INTO `notas` VALUES ('71442335', '3', '7');
INSERT INTO `notas` VALUES ('71506039', '1', '6');
INSERT INTO `notas` VALUES ('71506039', '2', '8');
INSERT INTO `notas` VALUES ('71506039', '3', '7');
INSERT INTO `notas` VALUES ('71517440', '1', '7');
INSERT INTO `notas` VALUES ('71517440', '2', '9');
INSERT INTO `notas` VALUES ('71517440', '3', '1');
INSERT INTO `notas` VALUES ('71517910', '1', '8');
INSERT INTO `notas` VALUES ('71517910', '2', '2');
INSERT INTO `notas` VALUES ('71517910', '3', '2');
INSERT INTO `notas` VALUES ('7244258', '1', '7');
INSERT INTO `notas` VALUES ('7244258', '2', '3');
INSERT INTO `notas` VALUES ('7244258', '3', '2');
INSERT INTO `notas` VALUES ('72886268', '1', '7');
INSERT INTO `notas` VALUES ('72886268', '2', '3');
INSERT INTO `notas` VALUES ('72886268', '3', '7');
INSERT INTO `notas` VALUES ('74515243', '1', '1');
INSERT INTO `notas` VALUES ('74515243', '2', '4');
INSERT INTO `notas` VALUES ('74515243', '3', '7');
INSERT INTO `notas` VALUES ('74933254', '1', '2');
INSERT INTO `notas` VALUES ('74933254', '2', '5');
INSERT INTO `notas` VALUES ('74933254', '3', '5');
INSERT INTO `notas` VALUES ('75774199', '1', '2');
INSERT INTO `notas` VALUES ('75774199', '2', '6');
INSERT INTO `notas` VALUES ('75774199', '3', '5');
INSERT INTO `notas` VALUES ('76019529', '1', '3');
INSERT INTO `notas` VALUES ('76019529', '2', '7');
INSERT INTO `notas` VALUES ('76019529', '3', '5');
INSERT INTO `notas` VALUES ('76123032', '1', '3');
INSERT INTO `notas` VALUES ('76123032', '2', '8');
INSERT INTO `notas` VALUES ('76123032', '3', '6');
INSERT INTO `notas` VALUES ('76123615', '1', '5');
INSERT INTO `notas` VALUES ('76123615', '2', '7');
INSERT INTO `notas` VALUES ('76123615', '3', '6');
INSERT INTO `notas` VALUES ('76730681', '1', '5');
INSERT INTO `notas` VALUES ('76730681', '2', '7');
INSERT INTO `notas` VALUES ('76730681', '3', '3');
INSERT INTO `notas` VALUES ('77335978', '1', '5');
INSERT INTO `notas` VALUES ('77335978', '2', '1');
INSERT INTO `notas` VALUES ('77335978', '3', '3');
INSERT INTO `notas` VALUES ('7960007', '1', '4');
INSERT INTO `notas` VALUES ('7960007', '2', '2');
INSERT INTO `notas` VALUES ('7960007', '3', '10');
INSERT INTO `notas` VALUES ('8042400', '1', '6');
INSERT INTO `notas` VALUES ('8042400', '2', '2');
INSERT INTO `notas` VALUES ('8042400', '3', '3');
INSERT INTO `notas` VALUES ('9001990', '1', '3');
INSERT INTO `notas` VALUES ('9001990', '2', '3');
INSERT INTO `notas` VALUES ('9001990', '3', '3');
INSERT INTO `notas` VALUES ('9036331', '1', '3');
INSERT INTO `notas` VALUES ('9036331', '2', '3');
INSERT INTO `notas` VALUES ('9036331', '3', '10');
INSERT INTO `notas` VALUES ('9039942', '1', '3');
INSERT INTO `notas` VALUES ('9039942', '2', '5');
INSERT INTO `notas` VALUES ('9039942', '3', '5');
INSERT INTO `notas` VALUES ('9191786', '1', '3');
INSERT INTO `notas` VALUES ('9191786', '2', '5');
INSERT INTO `notas` VALUES ('9191786', '3', '5');
INSERT INTO `notas` VALUES ('9456432', '1', '3');
INSERT INTO `notas` VALUES ('9456432', '2', '5');
INSERT INTO `notas` VALUES ('9456432', '3', '4');
INSERT INTO `notas` VALUES ('9457570', '1', '5');
INSERT INTO `notas` VALUES ('9457570', '2', '4');
INSERT INTO `notas` VALUES ('9457570', '3', '7');

-- ----------------------------
-- Table structure for opositores
-- ----------------------------
DROP TABLE IF EXISTS `opositores`;
CREATE TABLE `opositores` (
  `DNI` varchar(14) NOT NULL DEFAULT '',
  `APELLIDOS` varchar(255) DEFAULT NULL,
  `NOMBRE` varchar(255) DEFAULT NULL,
  `CIUDAD` varchar(255) DEFAULT NULL,
  `TELEFONO` varchar(14) DEFAULT NULL,
  `TRIBUNALOPOSITOR` tinyint(4) DEFAULT NULL,
  PRIMARY KEY (`DNI`),
  KEY `fi0` (`TRIBUNALOPOSITOR`),
  CONSTRAINT `fk_opo_tri` FOREIGN KEY (`TRIBUNALOPOSITOR`) REFERENCES `tribunales` (`CODIGOTRIBUNAL`) ON DELETE CASCADE ON UPDATE CASCADE
) ENGINE=InnoDB DEFAULT CHARSET=latin1;

-- ----------------------------
-- Records of opositores
-- ----------------------------
INSERT INTO `opositores` VALUES ('1173391', 'GUTIERREZ MARTIN', 'JUAN JOSE', 'BADAJOZ', '924493332', '1');
INSERT INTO `opositores` VALUES ('11841394', 'MAESTRE PEÑALBA', 'PATRICIA', 'BADAJOZ', '924493333', '1');
INSERT INTO `opositores` VALUES ('11843671', 'TRUJILLO GALLEGO', 'MONICA', 'BADAJOZ', '924493334', '2');
INSERT INTO `opositores` VALUES ('11843982', 'PLACER DE MIGUEL', 'VICTOR', 'BADAJOZ', '924493335', '3');
INSERT INTO `opositores` VALUES ('11844272', 'KAISSI CHERRIB', 'LAMIA', 'BADAJOZ', '924493336', '4');
INSERT INTO `opositores` VALUES ('11845343', 'GIGORRO CUBERO', 'IZASKUN', 'BADAJOZ', '924493337', '5');
INSERT INTO `opositores` VALUES ('11849578', 'ROJAS GARCIA', 'MARTA', 'BADAJOZ', '924493338', '5');
INSERT INTO `opositores` VALUES ('11850727', 'SANCHEZ RUIZ', 'MARTA', 'BADAJOZ', '924493339', '5');
INSERT INTO `opositores` VALUES ('11850969', 'JARDON MENDEZ', 'MANUEL LEOPOLDO', 'BADAJOZ', '924493340', '5');
INSERT INTO `opositores` VALUES ('11851761', 'CRISTINA FERNANDEZ', 'ROBERTO', 'BADAJOZ', '924493341', '4');
INSERT INTO `opositores` VALUES ('11852345', 'ALONSO MUÑOZ', 'ALEJANDRO', 'BADAJOZ', '924493342', '4');
INSERT INTO `opositores` VALUES ('14308556', 'COLINA MORA', 'ANGEL', 'BADAJOZ', '924493343', '3');
INSERT INTO `opositores` VALUES ('1932986', 'MUÑOZ SANCHEZ', 'DAVID', 'BADAJOZ', '924493344', '2');
INSERT INTO `opositores` VALUES ('1933685', 'COBO LENDINEZ', 'JUAN ANTONIO', 'BADAJOZ', '924493345', '2');
INSERT INTO `opositores` VALUES ('1937101', 'ALONSO GARCIA', 'JESUS', 'BADAJOZ', '924493346', '2');
INSERT INTO `opositores` VALUES ('2238233', 'COBOS MARTIN', 'ANA BELEN', 'BADAJOZ', '924493347', '2');
INSERT INTO `opositores` VALUES ('2263918', 'GARCIA BALLESTEROS', 'MYRIAM', 'BADAJOZ', '924493348', '2');
INSERT INTO `opositores` VALUES ('2267650', 'ARIAS ESCOLAR', 'MARI CARMEN', 'BADAJOZ', '924493349', '2');
INSERT INTO `opositores` VALUES ('2269028', 'MOLINERO RODRIGUEZ', 'FERNANDO', null, '924493350', '2');
INSERT INTO `opositores` VALUES ('2270188', 'LOPEZ GIL', 'CRISTINA', 'BADAJOZ', '924493351', '2');
INSERT INTO `opositores` VALUES ('2271897', 'CARRASCO GAMEZ', 'FRANCISCO JAVIER', 'BADAJOZ', '924493352', '1');
INSERT INTO `opositores` VALUES ('2272581', 'RODRIGUEZ MERINERO', 'MARTA', 'BADAJOZ', '924493353', '1');
INSERT INTO `opositores` VALUES ('2276630', 'GALAN DOMINGUEZ', 'DIANA', 'BADAJOZ', '924493354', '2');
INSERT INTO `opositores` VALUES ('2276800', 'SALAS FERNANDEZ', 'CLARA', 'BADAJOZ', '924493355', '3');
INSERT INTO `opositores` VALUES ('2277835', 'BONILLA PINTADO', 'PATRICIA', 'BADAJOZ', '924493356', '4');
INSERT INTO `opositores` VALUES ('2278639', 'LANDETE MANTEROLA', 'JAVIER', 'BADAJOZ', '924493357', '5');
INSERT INTO `opositores` VALUES ('2282590', 'TORRICO PORTERO', 'PAULA', 'BADAJOZ', '924493358', '5');
INSERT INTO `opositores` VALUES ('2283491', 'RIVAS CARRASCO', 'EDUARDO', 'BADAJOZ', '924493359', '5');
INSERT INTO `opositores` VALUES ('2284256', 'PLAZA NAVAS', 'ROCIO', 'BADAJOZ', '924493360', '5');
INSERT INTO `opositores` VALUES ('2647631', 'SOBRADO PANIAGUA', 'SARA', 'BADAJOZ', '924493361', '4');
INSERT INTO `opositores` VALUES ('2649085', 'MALAGON GOMEZ', 'DAVID', 'BADAJOZ', '924493362', '4');
INSERT INTO `opositores` VALUES ('2659710', 'GARCIA VOCES', 'JUAN PEDRO', 'BADAJOZ', '924493363', '3');
INSERT INTO `opositores` VALUES ('2666680', 'PEREZ SANCHEZ', 'MARIA JESUS', 'BADAJOZ', '924493364', '2');
INSERT INTO `opositores` VALUES ('2667675', 'NAVARRO CABEZAS', 'MARIA IMILCE', 'BADAJOZ', '924493365', '2');
INSERT INTO `opositores` VALUES ('2668273', 'MERINO ESPINOSA', 'ROCIO', 'BADAJOZ', '924493366', '2');
INSERT INTO `opositores` VALUES ('2669111', 'LEAL ALCOCER', 'ALEJANDRO', 'BADAJOZ', '924493367', '2');
INSERT INTO `opositores` VALUES ('2669560', 'CHEN LIN', 'LIJUN', 'BADAJOZ', '924493368', '2');
INSERT INTO `opositores` VALUES ('2669749', 'MARCOS TEJADA', 'RODRIGO', 'BADAJOZ', '924493369', '2');
INSERT INTO `opositores` VALUES ('2670956', 'GANDARA VALVERDE', 'CARLOS EUFRASIO', 'BADAJOZ', '924493370', '1');
INSERT INTO `opositores` VALUES ('30745766', 'DIEZ SANCHEZ', 'JORGE', 'BADAJOZ', '924493371', '1');
INSERT INTO `opositores` VALUES ('3093893', 'BASCO ANTONA', 'EVA', 'BADAJOZ', '924493372', '2');
INSERT INTO `opositores` VALUES ('32703586', 'SERRANO BLANCO', 'LORETO', 'BADAJOZ', '924493373', '3');
INSERT INTO `opositores` VALUES ('33523948', 'DIMITROVA METCHKAROVA', 'GUERGANA', 'BADAJOZ', '924493374', '4');
INSERT INTO `opositores` VALUES ('36106722', 'HORRILLO SANCHEZ -OCA\\\\A', 'CARLOS', null, '924493375', '5');
INSERT INTO `opositores` VALUES ('3867773', 'JIMENEZ CAMPOS', 'TERESA', 'BADAJOZ', '924493376', '5');
INSERT INTO `opositores` VALUES ('3877296', 'GARAYALDE LOPEZ', 'MIREN ELISABET', 'BADAJOZ', '924493377', '5');
INSERT INTO `opositores` VALUES ('3888843', 'MARIN CHICHARRO', 'LAURA', 'BADAJOZ', '924493378', '5');
INSERT INTO `opositores` VALUES ('3897830', 'CAMPO ARRANZ', 'RAQUEL', 'BADAJOZ', '924493379', '4');
INSERT INTO `opositores` VALUES ('3898800', 'FERNANDEZ DE CORDOBA GOMEZ', 'ANA CRISTINA', 'BADAJOZ', '924493380', '4');
INSERT INTO `opositores` VALUES ('3899484', 'SUAREZ GONZALEZ', 'LAURA', 'BADAJOZ', '924493381', '3');
INSERT INTO `opositores` VALUES ('3900635', 'MARIN LANCHA', 'RUBEN', 'BADAJOZ', '924493382', '2');
INSERT INTO `opositores` VALUES ('3904537', 'ATANASIO JIMENEZ', 'NURIA', 'BADAJOZ', '924493383', '2');
INSERT INTO `opositores` VALUES ('3904786', 'ROLDAN RODRIGUEZ', 'MARIA DEL CARMEN', 'BADAJOZ', '924493384', '2');
INSERT INTO `opositores` VALUES ('3905226', 'SERRANO AVILA', 'BEATRIZ', 'BADAJOZ', '924493385', '2');
INSERT INTO `opositores` VALUES ('3905411', 'GARCIA LOPEZ', 'ELENA', 'BADAJOZ', '924493386', '2');
INSERT INTO `opositores` VALUES ('3907718', 'QUINTANA GARCIA', 'MIGUEL ANGEL', 'BADAJOZ', '924493387', '2');
INSERT INTO `opositores` VALUES ('3907803', 'GUTIERREZ LLORENTE', 'MA DEL CARMEN', 'BADAJOZ', '924493388', '2');
INSERT INTO `opositores` VALUES ('4213464', 'REYES DE FRUTOS', 'ESTHER', 'BADAJOZ', '924493389', '2');
INSERT INTO `opositores` VALUES ('4214130', 'LEON RODRIGUEZ', 'BEGOÑA DE', 'BADAJOZ', '924493390', '1');
INSERT INTO `opositores` VALUES ('4216552', 'SEVILLA SANTIAGO', 'INES', 'BADAJOZ', '924493391', '1');
INSERT INTO `opositores` VALUES ('4216993', 'ALONSO NICOLAS', 'CRISTINA', 'BADAJOZ', '924493392', '2');
INSERT INTO `opositores` VALUES ('43125083', 'BAENA MEDINA', 'MARIA CARMEN', 'MERIDA', '924493393', '3');
INSERT INTO `opositores` VALUES ('46841117', 'TORRES AGUILERA', 'EDUARDO', 'MERIDA', '924493394', '4');
INSERT INTO `opositores` VALUES ('46845978', 'JIMENEZ SUAREZ', 'ALBERTO', 'MERIDA', '924493395', '5');
INSERT INTO `opositores` VALUES ('46851690', 'MENGUEZ MURCIANO', 'DAVID', 'MERIDA', '924493396', '5');
INSERT INTO `opositores` VALUES ('46922311', 'COLOMO GOMEZ', 'MARCIAL', 'MERIDA', '924493397', '5');
INSERT INTO `opositores` VALUES ('46924533', 'TORREÑO CARRERA', 'JUAN ANTONIO', 'MERIDA', '924493398', '5');
INSERT INTO `opositores` VALUES ('46925960', 'CUADRADO GUTIERREZ', 'LORENA', 'MERIDA', '924493399', '4');
INSERT INTO `opositores` VALUES ('46928330', 'RODRIGUEZ MOGOLLON', 'SILVIA', 'MERIDA', '924493400', '4');
INSERT INTO `opositores` VALUES ('46928725', 'LOPEZ DIAZ', 'VANESA', 'MERIDA', '924493401', '3');
INSERT INTO `opositores` VALUES ('46938891', 'CORDON HORNILLOS', 'SARA', 'MERIDA', '924493402', '2');
INSERT INTO `opositores` VALUES ('47024986', 'JUNCO MOLPECERES', 'RAMON', 'MERIDA', '924493403', '2');
INSERT INTO `opositores` VALUES ('47031921', 'ARROYO NOBLEJAS', 'MARIA LUISA', 'MERIDA', '924493404', '2');
INSERT INTO `opositores` VALUES ('47034100', 'VILCHES SERRANO', 'ALFONSO', 'MERIDA', '924493405', '2');
INSERT INTO `opositores` VALUES ('47034404', 'MOLINA GOMEZ', 'DANIEL', 'MERIDA', '924493406', '2');
INSERT INTO `opositores` VALUES ('47035769', 'MUÑOZ MUÑOZ', 'SARA', null, '924493407', '2');
INSERT INTO `opositores` VALUES ('47042006', 'ROL OLIVER', 'GLORIA', 'ZAFRA', '924493408', '2');
INSERT INTO `opositores` VALUES ('47042385', 'GRANJA ROCA', 'ALBA', 'ZAFRA', '924493409', '2');
INSERT INTO `opositores` VALUES ('47042399', 'GALLEGO RODRIGUEZ', 'RAQUEL', 'ZAFRA', '924493410', '1');
INSERT INTO `opositores` VALUES ('47044073', 'LOPEZ ALAEZ', 'SARAY', 'ZAFRA', '924493411', '1');
INSERT INTO `opositores` VALUES ('47045618', 'DOMINGUEZ RUBIO', 'BEGOÑA', 'ZAFRA', '924493412', '2');
INSERT INTO `opositores` VALUES ('47046526', 'VARA PEREZ', 'BERTA', 'ZAFRA', '924493413', '3');
INSERT INTO `opositores` VALUES ('47046930', 'BLANCO MURILLO', 'CRISTINA', 'ZAFRA', '924493414', '4');
INSERT INTO `opositores` VALUES ('47047937', 'ALBILLO ARRIBAS', 'JOSE IGNACIO', 'ZAFRA', '924493415', '5');
INSERT INTO `opositores` VALUES ('47049228', 'SIMON LOPEZ', 'MARIA', 'ZAFRA', '924493416', '5');
INSERT INTO `opositores` VALUES ('47049316', 'RAMIREZ SIERRA', 'MARIA', 'ZAFRA', '924493417', '5');
INSERT INTO `opositores` VALUES ('47049392', 'LOPEZ DE LA VIEJA NUÑEZ', 'MARTA', 'ZAFRA', '924493418', '5');
INSERT INTO `opositores` VALUES ('47217990', 'CUESTA SANCHEZ', 'FRANCISCO', 'ZAFRA', '924493419', '4');
INSERT INTO `opositores` VALUES ('47220902', 'LOPEZ TOURON', 'VANESSA', 'ZAFRA', '924493420', '4');
INSERT INTO `opositores` VALUES ('47280013', 'RODRIGUEZ MORENO', 'JOSE ANGEL', 'ZAFRA', '924493421', '3');
INSERT INTO `opositores` VALUES ('47301118', 'PRIETO MURILLO', 'JOSE CARLOS', 'ZAFRA', '924493422', '2');
INSERT INTO `opositores` VALUES ('47302239', 'BENAYAS NIETO', 'BEATRIZ', 'ZAFRA', '924493423', '2');
INSERT INTO `opositores` VALUES ('47450428', 'GUARIDO RINCON', 'ALEJANDRO', 'ZAFRA', '924493424', '2');
INSERT INTO `opositores` VALUES ('47456054', 'ENCINAS ORTIZ', 'CRISTINA', 'ZAFRA', '924493425', '2');
INSERT INTO `opositores` VALUES ('47456601', 'CUMPLIDO JIMENEZ', 'M. ESMERALDA', 'ZAFRA', '924493426', '2');
INSERT INTO `opositores` VALUES ('47457503', 'YEBENES CALVINO', 'M. DEL MAR', 'ZAFRA', '924493427', '2');
INSERT INTO `opositores` VALUES ('47457939', 'CARO RODRIGUEZ', 'MIGUEL ANGEL', 'ZAFRA', '924493428', '2');
INSERT INTO `opositores` VALUES ('47458251', 'RODAS YLLATOPA', 'JAKELIN', 'ZAFRA', '924493429', '2');
INSERT INTO `opositores` VALUES ('47458460', 'GONZALEZ GARCIA', 'EDUARDO', 'ZAFRA', '924493430', '1');
INSERT INTO `opositores` VALUES ('47458552', 'LOPEZ TUDELA', 'LAURA', 'ZAFRA', '924493431', '1');
INSERT INTO `opositores` VALUES ('47458849', 'MONTES VILLASEVIL', 'MIRIAM', 'ZAFRA', '924493432', '2');
INSERT INTO `opositores` VALUES ('47459361', 'ONRAITA CACHAFEIRO', 'MARIA INES', 'ZAFRA', '924493433', '3');
INSERT INTO `opositores` VALUES ('47460015', 'MANUEL PEDROSA', 'NOELIA DE', 'ZAFRA', '924493434', '4');
INSERT INTO `opositores` VALUES ('47491189', 'BENITO GARCIA', 'MIGUEL', 'ZAFRA', '924493435', '5');
INSERT INTO `opositores` VALUES ('47495786', 'PAJARES PALMA', 'BLANCA', 'ZAFRA', '924493436', '5');
INSERT INTO `opositores` VALUES ('47496281', 'MARTIN MORA', 'ADRIAN', 'ZAFRA', '924493437', '5');
INSERT INTO `opositores` VALUES ('47497218', 'HERRANZ FERNANDEZ', 'ALICIA', 'ZAFRA', '924493438', '5');
INSERT INTO `opositores` VALUES ('47499160', 'LOZANO SANCHEZ', 'DAVID', 'ZAFRA', '924493439', '4');
INSERT INTO `opositores` VALUES ('48997059', 'POS SANCHEZ', 'CAROLINA', 'ZAFRA', '924493440', '4');
INSERT INTO `opositores` VALUES ('48997274', 'SANCHEZ LAHUERTA', 'JOSE MANUEL', 'ZAFRA', '924493441', '3');
INSERT INTO `opositores` VALUES ('49003272', 'ALGABA DIEZ', 'NURIA', 'ZAFRA', '924493442', '2');
INSERT INTO `opositores` VALUES ('49003605', 'SANCHEZ ALCARAZ', 'ALMUDENA', 'ZAFRA', '924493443', '2');
INSERT INTO `opositores` VALUES ('49004517', 'VALDES MARTIN', 'EVA', 'ZAFRA', '924493444', '2');
INSERT INTO `opositores` VALUES ('49004747', 'GUTIERREZ TABLADO', 'RAQUEL', 'ZAFRA', '924493445', '2');
INSERT INTO `opositores` VALUES ('49005132', 'PINEDO VARA', 'CARLOS', 'ZAFRA', '924493446', '2');
INSERT INTO `opositores` VALUES ('49006338', 'GONZALEZ DELGADO', 'MARCOS', 'ZAFRA', '924493447', '2');
INSERT INTO `opositores` VALUES ('49011941', 'GARCIA SANCHEZ', 'PABLO', 'ZAFRA', '924493448', '2');
INSERT INTO `opositores` VALUES ('49013123', 'DIAZ HERNANDEZ', 'ANGEL JULIAN', 'ZAFRA', '924493449', '2');
INSERT INTO `opositores` VALUES ('49013614', 'APARICIO MORENILLA', 'RAQUEL', 'ZAFRA', '924493450', '5');
INSERT INTO `opositores` VALUES ('49013775', 'MARTINEZ GUARDIA', 'DAVID', 'ZAFRA', '924493451', '5');
INSERT INTO `opositores` VALUES ('49013815', 'GAYOL PINTADO', 'JAVIER', 'ZAFRA', '924493452', '4');
INSERT INTO `opositores` VALUES ('49013889', 'DOMINGUEZ GARCIA', 'IRENE', 'ZAFRA', '924493453', '4');
INSERT INTO `opositores` VALUES ('49013944', 'HERNANDEZ MATUTE', 'JORGE', 'ZAFRA', '924493454', '3');
INSERT INTO `opositores` VALUES ('49014316', 'ARRIBAS RODRIGUEZ', 'DIANA', 'ZAFRA', '924493455', '2');
INSERT INTO `opositores` VALUES ('49015728', 'PEREIRA MORENA', 'CAROLINA', 'ZAFRA', '924493456', '2');
INSERT INTO `opositores` VALUES ('49016849', 'PESCADOR SANCHEZ', 'ANA ISABEL', 'ZAFRA', '924493457', '2');
INSERT INTO `opositores` VALUES ('49017419', 'GALLARDO SANCHEZ', 'Mª CARMEN', 'ZAFRA', '924493458', '2');
INSERT INTO `opositores` VALUES ('49017896', 'MARTIN DIAZ', 'ANA M.', 'ZAFRA', '924493459', '2');
INSERT INTO `opositores` VALUES ('49018965', 'BORONDO COBO', 'ANTONIO', 'ZAFRA', '924493460', '2');
INSERT INTO `opositores` VALUES ('49020051', 'PEREZ LOPEZ', 'RICARDO', 'ZAFRA', '924493461', '2');
INSERT INTO `opositores` VALUES ('50107211', 'GONZALEZ PARRA', 'JESUS', 'ZAFRA', '924493462', '2');
INSERT INTO `opositores` VALUES ('50113980', 'NEVARES MORENO', 'MARIO', 'ZAFRA', '924493463', '1');
INSERT INTO `opositores` VALUES ('50117251', 'CHIAS MARCHIANDI', 'PALOMA', 'ZAFRA', '924493464', '1');
INSERT INTO `opositores` VALUES ('50119480', 'TORNOS YEBES', 'JESSICA', 'ZAFRA', '924493465', '2');
INSERT INTO `opositores` VALUES ('50127926', 'GUTIERREZ GARCIA', 'PATRICIA', 'ZAFRA', '924493466', '3');
INSERT INTO `opositores` VALUES ('50128111', 'HERNANDEZ CASTILLA', 'VERONICA', 'ZAFRA', '924493467', '4');
INSERT INTO `opositores` VALUES ('50128158', 'ROMERA ALVAREZ', 'M. ROSARIO', 'ZAFRA', '924493468', '5');
INSERT INTO `opositores` VALUES ('50129298', 'DIAZ GONZALEZ', 'MARCOS', 'ZAFRA', '924493469', '5');
INSERT INTO `opositores` VALUES ('50129650', 'YUSTE JIMENEZ', 'DAVID', 'ZAFRA', '924493470', '5');
INSERT INTO `opositores` VALUES ('50211749', 'RODRIGUEZ DE VICENTE', 'ALFREDO', 'ZAFRA', '924493471', '5');
INSERT INTO `opositores` VALUES ('50218486', 'GONZALEZ MARTIN', 'SARA', 'ZAFRA', '924493472', '4');
INSERT INTO `opositores` VALUES ('50220753', 'MARTIN NIETO', 'BELEN', 'ZAFRA', '924493473', '4');
INSERT INTO `opositores` VALUES ('50221127', 'MERINO ALVAREZ', 'DAVID', 'ZAFRA', '924493474', '3');
INSERT INTO `opositores` VALUES ('50221454', 'ORELLANA MORILLAS', 'JOSE LUIS', 'ZAFRA', '924493475', '2');
INSERT INTO `opositores` VALUES ('50221778', 'DIAZ PAGE', 'ARTURO ANGEL', 'ZAFRA', '924493476', '2');
INSERT INTO `opositores` VALUES ('50222200', 'HERRANZ DIAZ', 'RAQUEL', 'ZAFRA', '924493477', '2');
INSERT INTO `opositores` VALUES ('50222579', 'SANCHEZ FERNANDEZ', 'ELENA', 'ZAFRA', '924493478', '2');
INSERT INTO `opositores` VALUES ('50222877', 'BARREIROS GARCIA', 'PILAR', 'ZAFRA', '924493479', '2');
INSERT INTO `opositores` VALUES ('50224174', 'SANZ ARCAS', 'MARIA ELENA', 'ZAFRA', '924493480', '2');
INSERT INTO `opositores` VALUES ('50318962', 'SISON MENA', 'ELENA', 'ZAFRA', '924493481', '2');
INSERT INTO `opositores` VALUES ('50323408', 'CRESPO NUÑEZ', 'DAVID', 'ZAFRA', '924493482', '2');
INSERT INTO `opositores` VALUES ('50443489', 'PEÑUELAS FERNANDEZ', 'LUIS', 'ZAFRA', '924493483', '5');
INSERT INTO `opositores` VALUES ('50466830', 'LOPEZ YUSTA', 'M TERESA', 'ZAFRA', '924493484', '5');
INSERT INTO `opositores` VALUES ('50542633', 'VALADES FERNANDEZ', 'LAURA', 'ZAFRA', '924493485', '4');
INSERT INTO `opositores` VALUES ('50542635', 'MONTERO MARTIN', 'ARACELI', 'ZAFRA', '924493486', '4');
INSERT INTO `opositores` VALUES ('50543536', 'SANTO TOMAS AGULLO', 'LUIS', 'ZAFRA', '924493487', '3');
INSERT INTO `opositores` VALUES ('50543825', 'LOZOYA NOMBELA', 'M.DEL SAGRARIO DE', 'ZAFRA', '924493488', '2');
INSERT INTO `opositores` VALUES ('50543951', 'ALVAREZ BERMEJO', 'JOSE', 'ZAFRA', '924493489', '2');
INSERT INTO `opositores` VALUES ('50733568', 'VICENTE ROSA', 'ANA MARIA', 'ZAFRA', '924493490', '2');
INSERT INTO `opositores` VALUES ('50739304', 'VILLAR SAEZ', 'JESUS', 'ZAFRA', '924493491', '2');
INSERT INTO `opositores` VALUES ('50741553', 'GARCIA MEDINA', 'NURIA', 'ZAFRA', '924493492', '2');
INSERT INTO `opositores` VALUES ('50741554', 'GARCIA SANCHEZ', 'ANTONIO', 'ZAFRA', '924493493', '2');
INSERT INTO `opositores` VALUES ('50749620', 'DOMINGUEZ SAIZ', 'CAROLINA', 'ZAFRA', '924493494', '2');
INSERT INTO `opositores` VALUES ('50751029', 'JUAN MUÑOZ', 'IVAN', 'ZAFRA', '924493495', '2');
INSERT INTO `opositores` VALUES ('50752579', 'PEÑA LOPEZ', 'MARIA TERESA', 'ZAFRA', '924493496', '1');
INSERT INTO `opositores` VALUES ('50753061', 'LOPEZ LANCHO', 'ANA MARIA', 'ZAFRA', '924493497', '1');
INSERT INTO `opositores` VALUES ('50754253', 'CABELLO GUTIERREZ', 'TANIA', 'ZAFRA', '924493498', '2');
INSERT INTO `opositores` VALUES ('50755331', 'HERNANDEZ PEREZ', 'SARA', 'ZAFRA', '924493499', '3');
INSERT INTO `opositores` VALUES ('50755563', 'GARROTE SANCHEZ', 'DANIEL', 'ZAFRA', '924493500', '4');
INSERT INTO `opositores` VALUES ('50755712', 'SANCHEZ CISNEROS', 'PEDRO', 'ZAFRA', '924493501', '5');
INSERT INTO `opositores` VALUES ('50755775', 'GIL TOLMO', 'CRISTINA', 'ZAFRA', '924493502', '5');
INSERT INTO `opositores` VALUES ('50756221', 'FERNANDEZ GARCIA-OCHOA', 'SANTIAGO', 'ZAFRA', '924493503', '5');
INSERT INTO `opositores` VALUES ('50868738', 'CALLAU ZORI', 'MARIA DEL MAR', 'ZAFRA', '924493504', '5');
INSERT INTO `opositores` VALUES ('50875209', 'PASTOR CAMPOS', 'MARIA DEL MAR', 'ZAFRA', '924493505', '4');
INSERT INTO `opositores` VALUES ('50880732', 'FERNANDEZ HERREROS', 'ANA', 'ZAFRA', '924493506', '4');
INSERT INTO `opositores` VALUES ('50884239', 'FLORES BARRERO', 'NURIA', 'ZAFRA', '924493507', '3');
INSERT INTO `opositores` VALUES ('50885221', 'PEREZ MARTINEZ', 'SERGIO', 'ZAFRA', '924493508', '2');
INSERT INTO `opositores` VALUES ('50885336', 'GUILLEN ALONSO', 'OSCAR', 'ZAFRA', '924493509', '2');
INSERT INTO `opositores` VALUES ('50885927', 'ALBA RODRIGUEZ', 'DAVID', 'ZAFRA', '924493510', '2');
INSERT INTO `opositores` VALUES ('50886453', 'SAEZ RAMOS', 'GUADALUPE', 'ZAFRA', '924493511', '2');
INSERT INTO `opositores` VALUES ('50886959', 'SANCHEZ MORENO', 'MIGUEL ANGEL', 'ZAFRA', '924493512', '2');
INSERT INTO `opositores` VALUES ('50887483', 'CARRION MARTINEZ', 'MIRIAM', 'ZAFRA', '924493513', '2');
INSERT INTO `opositores` VALUES ('50888252', 'AGUILAR GONZALEZ', 'SALVADOR R', 'ZAFRA', '924493514', '2');
INSERT INTO `opositores` VALUES ('50891348', 'CASTRO MULAS', 'MARTA', 'ZAFRA', '924493515', '2');
INSERT INTO `opositores` VALUES ('51076828', 'FERNANDEZ CASTELLANO', 'ISMAEL', 'ZAFRA', '924493516', '5');
INSERT INTO `opositores` VALUES ('51083987', 'LIBRAN FRAILE', 'ISABEL', 'ZAFRA', '924493517', '5');
INSERT INTO `opositores` VALUES ('51087952', 'ORTEGA ARRANZ', 'CARLOS', 'ZAFRA', '924493518', '4');
INSERT INTO `opositores` VALUES ('51093870', 'REVILLA HERRANZ', 'VIRGINIA', 'ZAFRA', '924493519', '4');
INSERT INTO `opositores` VALUES ('51096901', 'HIDALGO BLAZQUEZ', 'VICTOR MANUEL', 'ZAFRA', '924493520', '3');
INSERT INTO `opositores` VALUES ('51097958', 'RODRIGUEZ GIL-ORTEGA', 'MARIA ISABEL', 'ZAFRA', '924493521', '2');
INSERT INTO `opositores` VALUES ('51449111', 'GUERRERO DURANGO', 'ANGEL', 'ZAFRA', '924493522', '2');
INSERT INTO `opositores` VALUES ('51455418', 'TENA COBOS', 'ESTHER', 'ZAFRA', '924493523', '2');
INSERT INTO `opositores` VALUES ('51457246', 'DIAZ HERNANDEZ', 'RAUL', 'ZAFRA', '924493524', '2');
INSERT INTO `opositores` VALUES ('51457720', 'CONDE RODRIGUEZ', 'MANUEL', 'ZAFRA', '924493525', '2');
INSERT INTO `opositores` VALUES ('51458752', 'GORDO TAEÑO', 'VICTOR', 'ZAFRA', '924493526', '2');
INSERT INTO `opositores` VALUES ('51458893', 'MANCHON PEREZ', 'ELENA', 'ZAFRA', '924493527', '2');
INSERT INTO `opositores` VALUES ('51927823', 'MARTIN PERALTA', 'CRISTINA', 'ZAFRA', '924493528', '2');
INSERT INTO `opositores` VALUES ('51985756', 'BOCERO CRUZ', 'MONICA', 'ZAFRA', '924493529', '1');
INSERT INTO `opositores` VALUES ('52107712', 'GONZALEZ TRABADO', 'ANA', 'ZAFRA', '924493530', '1');
INSERT INTO `opositores` VALUES ('52355704', 'PUERTO MOYA', 'ISABEL DEL', 'ZAFRA', '924493531', '2');
INSERT INTO `opositores` VALUES ('52860180', 'RAMOS MOÑINO', 'GUADALUPE', 'ZAFRA', '924493532', '3');
INSERT INTO `opositores` VALUES ('52887513', 'ABAD ROBLES', 'ARANZAZU', 'ZAFRA', '924493533', '4');
INSERT INTO `opositores` VALUES ('52959160', 'SANCHEZ RUIZ', 'LAURA', 'ZAFRA', '924493534', '5');
INSERT INTO `opositores` VALUES ('52964122', 'MARCOS MAYORDOMO', 'JAVIER', 'ZAFRA', '924493535', '5');
INSERT INTO `opositores` VALUES ('52975621', 'PASTRANA PORTILLO', 'DANIEL', 'ZAFRA', '924493536', '5');
INSERT INTO `opositores` VALUES ('52978402', 'FORONDA DELGADO', 'ALBERTO', 'ZAFRA', '924493537', '5');
INSERT INTO `opositores` VALUES ('52980097', 'GUO ', 'XIAOLI', 'ZAFRA', '924493538', '4');
INSERT INTO `opositores` VALUES ('52980664', 'PRAENA SANCHEZ', 'JONATHAN', 'ZAFRA', '924493539', '4');
INSERT INTO `opositores` VALUES ('52984948', 'PEREZ SANCHEZ', 'MARTA JULIA', 'ZAFRA', '924493540', '3');
INSERT INTO `opositores` VALUES ('52997923', 'MOZAS VOZMEDIANO', 'PATRICIA', 'ZAFRA', '924493541', '2');
INSERT INTO `opositores` VALUES ('52999706', 'OSPINA TOVAR', 'JAIME EDUARDO', 'ZAFRA', '924493542', '2');
INSERT INTO `opositores` VALUES ('52999879', 'TALAVERA MARTIN', 'FRANCISCO JAVIER', 'ZAFRA', '924493543', '2');
INSERT INTO `opositores` VALUES ('53022980', 'GONZALEZ MARTIN', 'BEATRIZ', 'ZAFRA', '924493544', '2');
INSERT INTO `opositores` VALUES ('53047850', 'VINUESA GOMEZ', 'LAURA', 'ZAFRA', '924493545', '2');
INSERT INTO `opositores` VALUES ('53049672', 'LOPEZ DEL AMO', 'SONIA', 'ZAFRA', '924493546', '2');
INSERT INTO `opositores` VALUES ('53105927', 'ESTANGUI SANCHEZ ESCRIBANO', 'SONIA', 'ZAFRA', '924493547', '2');
INSERT INTO `opositores` VALUES ('53132863', 'GOMEZ DIAZ', 'M. DEL CAMINO', 'ZAFRA', '924493548', '2');
INSERT INTO `opositores` VALUES ('53134085', 'SAUCE GUERRA', 'SERGIO', 'ZAFRA', '924493549', '5');
INSERT INTO `opositores` VALUES ('53137477', 'RUEDAS SANCHEZ', 'ANGEL', 'ZAFRA', '924493550', '5');
INSERT INTO `opositores` VALUES ('53386548', 'GARCIA DE LA TORRE', 'TERESA', 'ZAFRA', '924493551', '4');
INSERT INTO `opositores` VALUES ('53389834', 'SALVADOR GARCIA', 'JOSE PABLO', 'ZAFRA', '924493552', '4');
INSERT INTO `opositores` VALUES ('53389853', 'NEVADO ZURITA', 'JOSE', 'ZAFRA', '924493553', '3');
INSERT INTO `opositores` VALUES ('53390061', 'CASTELLANOS SANCHEZ', 'LETICIA', 'ZAFRA', '924493554', '2');
INSERT INTO `opositores` VALUES ('53392543', 'GARCIA BARARADO', 'JAVIER', 'ZAFRA', '924493555', '2');
INSERT INTO `opositores` VALUES ('53416739', 'MADRIGAL VICENTE', 'AZUCENA', 'ZAFRA', '924493556', '2');
INSERT INTO `opositores` VALUES ('53417961', 'CAMPILLO RODRIGUEZ', 'SILVIA', 'ZAFRA', '924493557', '2');
INSERT INTO `opositores` VALUES ('53418213', 'VILLASEÑOR ROMAN', 'MARIA NIEVES', 'ZAFRA', '924493558', '2');
INSERT INTO `opositores` VALUES ('53418326', 'GUTIERREZ GONZALEZ', 'ANA VICTORIA', 'ZAFRA', '924493559', '2');
INSERT INTO `opositores` VALUES ('53419163', 'MANCHON MUÑOZ', 'BEGOÑA', 'ZAFRA', '924493560', '2');
INSERT INTO `opositores` VALUES ('53419959', 'GUILLEN ALVAREZ', 'FERNANDO', 'ZAFRA', '924493561', '2');
INSERT INTO `opositores` VALUES ('53420473', 'TORRE CABRERO', 'DELIA ANA', 'ZAFRA', '924493562', '1');
INSERT INTO `opositores` VALUES ('53422123', 'RUIZ PORTANOVA', 'NOELIA', 'ZAFRA', '924493563', '1');
INSERT INTO `opositores` VALUES ('53422257', 'HERRAEZ PEREZ', 'SARA', 'ZAFRA', '924493564', '2');
INSERT INTO `opositores` VALUES ('53422330', 'MUÑOZ PEÑA', 'PABLO', 'ZAFRA', '924493565', '3');
INSERT INTO `opositores` VALUES ('53423041', 'HERRAIZ SALAN', 'ANGEL', 'ZAFRA', '924493566', '4');
INSERT INTO `opositores` VALUES ('53423243', 'VIERA ROMERAL', 'JUAN JOSE', 'ZAFRA', '924493567', '5');
INSERT INTO `opositores` VALUES ('53423313', 'JIMENEZ RODRIGUEZ', 'BORIS', 'ZAFRA', '924493568', '5');
INSERT INTO `opositores` VALUES ('53423815', 'RODRIGUEZ BENITO', 'ANGELINA', null, '924493569', '5');
INSERT INTO `opositores` VALUES ('53423817', 'GARCIA MANCHA', 'NOELIA', 'VILLAFRANCA', '924493570', '5');
INSERT INTO `opositores` VALUES ('53423916', 'PALENCIA LOPEZ', 'RAUL', 'VILLAFRANCA', '924493571', '4');
INSERT INTO `opositores` VALUES ('53424700', 'RODRIGUEZ PANDO', 'BARBARA', 'VILLAFRANCA', '924493572', '4');
INSERT INTO `opositores` VALUES ('53425387', 'ARSUAGA BENITO', 'M. ELENA', 'VILLAFRANCA', '924493573', '3');
INSERT INTO `opositores` VALUES ('53428006', 'VALENZUELA GONZALEZ', 'ARANZAZU', 'VILLAFRANCA', '924493574', '2');
INSERT INTO `opositores` VALUES ('53431089', 'ARROYO NIETO', 'DAVID', 'VILLAFRANCA', '924493575', '2');
INSERT INTO `opositores` VALUES ('53432616', 'VELAZQUEZ JARILLO', 'AGUSTIN', 'VILLAFRANCA', '924493576', '2');
INSERT INTO `opositores` VALUES ('53433387', 'GARRIDO EGEA', 'JUAN', 'VILLAFRANCA', '924493577', '2');
INSERT INTO `opositores` VALUES ('53434567', 'HERMIDA AYALA', 'LOURDES A', 'VILLAFRANCA', '924493578', '2');
INSERT INTO `opositores` VALUES ('53442156', 'LOPEZ OLIVARES', 'PABLO', 'VILLAFRANCA', '924493579', '2');
INSERT INTO `opositores` VALUES ('53446287', 'CHICA ARROYO', 'JAVIER', 'VILLAFRANCA', '924493580', '2');
INSERT INTO `opositores` VALUES ('53446583', 'PEREZ MARINA', 'ANGEL ARTURO', 'VILLAFRANCA', '924493581', '2');
INSERT INTO `opositores` VALUES ('53446663', 'FERNANDEZ SANCHEZ', 'LIDIA', null, '924493582', '5');
INSERT INTO `opositores` VALUES ('53446822', 'FERNANDEZ LAMERA', 'LUCIA', 'VILLAFRANCA', '924493583', '5');
INSERT INTO `opositores` VALUES ('53446893', 'ROMERO HUERTAS', 'CESAR', 'VILLAFRANCA', '924493584', '4');
INSERT INTO `opositores` VALUES ('53446947', 'ALONSO MARTIN', 'FERNANDO', 'VILLAFRANCA', '924493585', '4');
INSERT INTO `opositores` VALUES ('53447056', 'SANCHEZ BELLON', 'ELENA', 'VILLAFRANCA', '924493586', '3');
INSERT INTO `opositores` VALUES ('53447071', 'MUÑOZ MEJIAS', 'DAVID', 'VILLAFRANCA', '924493587', '2');
INSERT INTO `opositores` VALUES ('53447680', 'GARCIA LOPEZ', 'SANTIAGO', 'VILLAFRANCA', '924493588', '2');
INSERT INTO `opositores` VALUES ('53448199', 'FERNANDEZ SANCHEZ', 'MANUEL', 'VILLAFRANCA', '924493589', '2');
INSERT INTO `opositores` VALUES ('53448494', 'GONZALEZ GOMEZ', 'SILVIA', null, '924493590', '2');
INSERT INTO `opositores` VALUES ('53448818', 'ALONSO MAÑAS', 'OSCAR', 'ACEUCHAL', '924493591', '2');
INSERT INTO `opositores` VALUES ('53449882', 'HERNANDEZ RODRIGUEZ', 'JAIME', 'ACEUCHAL', '924493592', '2');
INSERT INTO `opositores` VALUES ('53450152', 'SANCHEZ ESQUIVIAS', 'MARIA', 'ACEUCHAL', '924493593', '2');
INSERT INTO `opositores` VALUES ('53450600', 'BLANCO MORO', 'LIDIA MARIA', 'ACEUCHAL', '924493594', '2');
INSERT INTO `opositores` VALUES ('53450717', 'ROJO RAYO', 'MARIA GLORIA', 'ACEUCHAL', '924493595', '1');
INSERT INTO `opositores` VALUES ('53450747', 'PEREZ ORTEGA', 'ANDRES', 'ACEUCHAL', '924493596', '1');
INSERT INTO `opositores` VALUES ('53451001', 'MANRIQUE DE LARA FERNANDEZ', 'MIGUEL', 'ACEUCHAL', '924493597', '2');
INSERT INTO `opositores` VALUES ('53451123', 'MARTIN MARTINEZ', 'CARLOS', 'ACEUCHAL', '924493598', '3');
INSERT INTO `opositores` VALUES ('53452083', 'ESCAMILLA PADILLA', 'JAVIER', 'ACEUCHAL', '924493599', '4');
INSERT INTO `opositores` VALUES ('53453335', 'MANSILLA GARCIA', 'LUIS', 'ACEUCHAL', '924493600', '5');
INSERT INTO `opositores` VALUES ('53453665', 'MORENO ROMERO', 'VERONICA', 'ACEUCHAL', '924493601', '5');
INSERT INTO `opositores` VALUES ('53460755', 'GOMEZ-ALVAREZ DOMINGUEZ', 'MARIA CARMEN', 'ACEUCHAL', '924493602', '5');
INSERT INTO `opositores` VALUES ('53461159', 'ALHAMBRA FERNANDEZ', 'GEMMA', 'ACEUCHAL', '924493603', '5');
INSERT INTO `opositores` VALUES ('53461178', 'LASHERAS ROMERO', 'ALEJANDRO', 'ACEUCHAL', '924493604', '4');
INSERT INTO `opositores` VALUES ('53461338', 'MARTIN CANES', 'RAUL', 'ACEUCHAL', '924493605', '4');
INSERT INTO `opositores` VALUES ('53462493', 'SAEZ ESPERANZA', 'RUTH', 'ACEUCHAL', '924493606', '3');
INSERT INTO `opositores` VALUES ('53462871', 'DUATO NAVARRO', 'RAMON', 'ACEUCHAL', '924493607', '2');
INSERT INTO `opositores` VALUES ('53463340', 'SALAMANCA FELIX', 'ZAIDA', 'ACEUCHAL', '924493608', '2');
INSERT INTO `opositores` VALUES ('53464562', 'CARRETERO PIRES', 'ANA', null, '924493609', '2');
INSERT INTO `opositores` VALUES ('53464701', 'ESCRIBANO ARIAS', 'BEATRIZ', 'DON BENITO', '924493610', '2');
INSERT INTO `opositores` VALUES ('53465947', 'CALSO GONZALEZ', 'ANGEL', 'DON BENITO', '924493611', '2');
INSERT INTO `opositores` VALUES ('53490626', 'SANCHEZ VAQUERIZO', 'TANIA MARAVILLAS', 'DON BENITO', '924493612', '2');
INSERT INTO `opositores` VALUES ('5422989', 'SANZ RUBIO', 'PABLO', 'BADAJOZ', '924493613', '2');
INSERT INTO `opositores` VALUES ('6573699', 'GARCIA LOBIT', 'SARA', 'BADAJOZ', '924493614', '2');
INSERT INTO `opositores` VALUES ('70056580', 'RODRIGUEZ VEGA', 'VERONICA', 'DON BENITO', '924493615', '5');
INSERT INTO `opositores` VALUES ('70059204', 'BATANERO OCHAITA', 'M. CONCEPCION', 'DON BENITO', '924493616', '5');
INSERT INTO `opositores` VALUES ('70060073', 'ARRIBAS RAMOS', 'ESTEFANIA', 'DON BENITO', '924493617', '4');
INSERT INTO `opositores` VALUES ('70063468', 'GIRON MARTIN', 'MARIO', 'DON BENITO', '924493618', '4');
INSERT INTO `opositores` VALUES ('70245204', 'GONZALEZ GARCIA', 'MARIA', 'DON BENITO', '924493619', '3');
INSERT INTO `opositores` VALUES ('70245815', 'GARRIDO GARCIA', 'MARIA', 'DON BENITO', '924493620', '2');
INSERT INTO `opositores` VALUES ('70250031', 'LUACES FEIJOO', 'TAMARA', 'DON BENITO', '924493621', '2');
INSERT INTO `opositores` VALUES ('70254462', 'CHEN ', 'YUANJIE', 'DON BENITO', '924493622', '2');
INSERT INTO `opositores` VALUES ('71277949', 'SIERRA GONZALEZ', 'MARIA', 'DON BENITO', '924493623', '2');
INSERT INTO `opositores` VALUES ('71431342', 'CENTENO GONZALEZ', 'ELENA', 'DON BENITO', '924493624', '2');
INSERT INTO `opositores` VALUES ('71442335', 'DIAZ PANIAGUA', 'ELENA', 'DON BENITO', '924493625', '2');
INSERT INTO `opositores` VALUES ('71506039', 'NUÑEZ NUÑEZ', 'ESTEFANIA', null, '924493626', '2');
INSERT INTO `opositores` VALUES ('71517440', 'FERNANDEZ HURTADO DE MENDOZA', 'TAMARA', 'DON BENITO', '924493627', '2');
INSERT INTO `opositores` VALUES ('71517910', 'JIMENEZ JIMENEZ', 'BEATRIZ', 'DON BENITO', '924493628', '1');
INSERT INTO `opositores` VALUES ('7244258', 'MARTIN MARTINEZ', 'VANESA', 'BADAJOZ', '924493629', '1');
INSERT INTO `opositores` VALUES ('72886268', 'RODRIGUEZ DE PABLO', 'CRISTINA', 'DON BENITO', '924493630', '2');
INSERT INTO `opositores` VALUES ('74515243', 'TAYLOR ARIAS', 'ROCIO', 'DON BENITO', '924493631', '3');
INSERT INTO `opositores` VALUES ('74933254', 'SUAREZ DE SOUSA', 'CANDELAS', 'DON BENITO', '924493632', '4');
INSERT INTO `opositores` VALUES ('75774199', 'AVILES AVILES', 'JESUS', 'DON BENITO', '924493633', '5');
INSERT INTO `opositores` VALUES ('76019529', 'FAJARDO ROMAN', 'PATRICIA', 'DON BENITO', '924493634', '5');
INSERT INTO `opositores` VALUES ('76123032', 'RIO ALVAREZ', 'SARA DEL', 'DON BENITO', '924493635', '5');
INSERT INTO `opositores` VALUES ('76123615', 'GARCIA MANRIQUE', 'PATRICIA', 'DON BENITO', '924493636', '5');
INSERT INTO `opositores` VALUES ('76730681', 'GONZALEZ DE LA CUERDA', 'MARIA', 'DON BENITO', '924493637', '4');
INSERT INTO `opositores` VALUES ('77335978', 'MARTINEZ GONZALEZ', 'ANGELICA', null, '924493638', '4');
INSERT INTO `opositores` VALUES ('7960007', 'CARO ECHEGARAY', 'RAUL', 'BADAJOZ', '924493639', '3');
INSERT INTO `opositores` VALUES ('8042400', 'GOMEZ DOMINGUEZ', 'ADORACION', 'BADAJOZ', '924493640', '2');
INSERT INTO `opositores` VALUES ('9001990', 'CARRASCO GONZALEZ', 'CARLOS', 'BADAJOZ', '924493641', '2');
INSERT INTO `opositores` VALUES ('9036331', 'ARRIAGA SANDOVAL', 'MARIA JOSE', 'BADAJOZ', '924493642', '2');
INSERT INTO `opositores` VALUES ('9039942', 'HERNANDEZ BRAVO', 'SOLEDAD', 'BADAJOZ', '924493643', '2');
INSERT INTO `opositores` VALUES ('9191786', 'ABELLA BULE', 'ISABEL', 'BADAJOZ', '924493644', '2');
INSERT INTO `opositores` VALUES ('9456432', 'MELLADO GONZALEZ', 'ANTONIO', 'BADAJOZ', '924493645', '2');
INSERT INTO `opositores` VALUES ('9457570', 'CASTIÑEIRA ROMERO', 'NIEVES', 'BADAJOZ', '924493646', '2');

-- ----------------------------
-- Table structure for tribunales
-- ----------------------------
DROP TABLE IF EXISTS `tribunales`;
CREATE TABLE `tribunales` (
  `CODIGOTRIBUNAL` tinyint(4) NOT NULL DEFAULT '0',
  `PRESIDENTE` varchar(50) DEFAULT NULL,
  `SECRETARIO` varchar(50) DEFAULT NULL,
  `VOCAL1` varchar(50) DEFAULT NULL,
  `VOCAL2` varchar(50) DEFAULT NULL,
  `VOCAL3` varchar(50) DEFAULT NULL,
  PRIMARY KEY (`CODIGOTRIBUNAL`)
) ENGINE=InnoDB DEFAULT CHARSET=latin1;

-- ----------------------------
-- Records of tribunales
-- ----------------------------
INSERT INTO `tribunales` VALUES ('1', 'PEDRO FERNANDEZ', 'ISABEL FRESNEDA', 'LUIS MERLO', 'ANTONIO ROBLES', 'VICENTE ROBLES');
INSERT INTO `tribunales` VALUES ('2', 'ANA LIMA', 'TOMAS RODRIGUEZ', 'ROCIO CINTIA', 'MODESTA HERMOSO', 'JUAN ARGUETA');
INSERT INTO `tribunales` VALUES ('3', 'PEDRO MUOZ', 'ANTONIO JESUS MUÑIOZ', 'EVA MATA', 'MONTSERRAT ISAMA', 'RUBEN BLADES');
INSERT INTO `tribunales` VALUES ('4', 'JOAQUIN TENA', 'MANOLO SABINA', 'ANA CIMA', 'VICTOR FUENTES', 'MIGUEL RIOS');
INSERT INTO `tribunales` VALUES ('5', 'MATIAS PRATS', 'FEDERICO JIMENEZ', 'IÑAQUI ASEUTUNA', 'LUIS DEL OLMO', 'EVA LATEX');
